goos: darwin
goarch: arm64
pkg: github.com/otuschhoff/rados-go/internal/maps
cpu: Apple M1 Max
BenchmarkPerformancePlacement/UnrelatedBuckets=0-10         	  136860	       769.8 ns/op	         3.000 buckets	      4100 osds	       231.0 topology-B	      40 B/op	       5 allocs/op
BenchmarkPerformancePlacement/UnrelatedBuckets=0-10         	  158199	       770.4 ns/op	         3.000 buckets	      4100 osds	       231.0 topology-B	      40 B/op	       5 allocs/op
BenchmarkPerformancePlacement/UnrelatedBuckets=0-10         	  161599	       749.5 ns/op	         3.000 buckets	      4100 osds	       231.0 topology-B	      40 B/op	       5 allocs/op
BenchmarkPerformancePlacement/UnrelatedBuckets=0-10         	  163678	       753.3 ns/op	         3.000 buckets	      4100 osds	       231.0 topology-B	      40 B/op	       5 allocs/op
BenchmarkPerformancePlacement/UnrelatedBuckets=0-10         	  155604	       765.8 ns/op	         3.000 buckets	      4100 osds	       231.0 topology-B	      40 B/op	       5 allocs/op
BenchmarkPerformancePlacement/UnrelatedBuckets=64-10        	  135705	       809.6 ns/op	        67.00 buckets	      4100 osds	      2023 topology-B	      40 B/op	       5 allocs/op
BenchmarkPerformancePlacement/UnrelatedBuckets=64-10        	  147726	       822.6 ns/op	        67.00 buckets	      4100 osds	      2023 topology-B	      40 B/op	       5 allocs/op
BenchmarkPerformancePlacement/UnrelatedBuckets=64-10        	  145652	       817.8 ns/op	        67.00 buckets	      4100 osds	      2023 topology-B	      40 B/op	       5 allocs/op
BenchmarkPerformancePlacement/UnrelatedBuckets=64-10        	  148358	       814.6 ns/op	        67.00 buckets	      4100 osds	      2023 topology-B	      40 B/op	       5 allocs/op
BenchmarkPerformancePlacement/UnrelatedBuckets=64-10        	  140421	       828.0 ns/op	        67.00 buckets	      4100 osds	      2023 topology-B	      40 B/op	       5 allocs/op
BenchmarkPerformancePlacement/UnrelatedBuckets=1024-10      	  141104	       835.4 ns/op	      1027 buckets	      4100 osds	     28903 topology-B	      42 B/op	       5 allocs/op
BenchmarkPerformancePlacement/UnrelatedBuckets=1024-10      	  137080	       828.1 ns/op	      1027 buckets	      4100 osds	     28903 topology-B	      42 B/op	       5 allocs/op
BenchmarkPerformancePlacement/UnrelatedBuckets=1024-10      	  144006	       849.2 ns/op	      1027 buckets	      4100 osds	     28903 topology-B	      42 B/op	       5 allocs/op
BenchmarkPerformancePlacement/UnrelatedBuckets=1024-10      	  140145	       838.9 ns/op	      1027 buckets	      4100 osds	     28903 topology-B	      42 B/op	       5 allocs/op
BenchmarkPerformancePlacement/UnrelatedBuckets=1024-10      	  146863	       858.5 ns/op	      1027 buckets	      4100 osds	     28903 topology-B	      42 B/op	       5 allocs/op
BenchmarkPerformancePlacement/UnrelatedBuckets=4096-10      	  137492	       852.6 ns/op	      4099 buckets	      4100 osds	    114919 topology-B	      51 B/op	       5 allocs/op
BenchmarkPerformancePlacement/UnrelatedBuckets=4096-10      	  136136	       848.5 ns/op	      4099 buckets	      4100 osds	    114919 topology-B	      51 B/op	       5 allocs/op
BenchmarkPerformancePlacement/UnrelatedBuckets=4096-10      	  133904	       860.3 ns/op	      4099 buckets	      4100 osds	    114919 topology-B	      51 B/op	       5 allocs/op
BenchmarkPerformancePlacement/UnrelatedBuckets=4096-10      	  133593	       849.8 ns/op	      4099 buckets	      4100 osds	    114919 topology-B	      51 B/op	       5 allocs/op
BenchmarkPerformancePlacement/UnrelatedBuckets=4096-10      	  132056	       846.9 ns/op	      4099 buckets	      4100 osds	    114919 topology-B	      51 B/op	       5 allocs/op
BenchmarkPerformanceIncremental/OSDs=4/OverridePGs=0-10     	   73566	      1574 ns/op	        48.00 osd-scalar-B	         4.000 osds	         0 override-entries	         0 override-pgs	         0 override-value-B	        64.00 socket-B	       231.0 topology-B	    3584 B/op	      34 allocs/op
BenchmarkPerformanceIncremental/OSDs=4/OverridePGs=0-10     	   68815	      1552 ns/op	        48.00 osd-scalar-B	         4.000 osds	         0 override-entries	         0 override-pgs	         0 override-value-B	        64.00 socket-B	       231.0 topology-B	    3584 B/op	      34 allocs/op
BenchmarkPerformanceIncremental/OSDs=4/OverridePGs=0-10     	   73574	      1621 ns/op	        48.00 osd-scalar-B	         4.000 osds	         0 override-entries	         0 override-pgs	         0 override-value-B	        64.00 socket-B	       231.0 topology-B	    3584 B/op	      34 allocs/op
BenchmarkPerformanceIncremental/OSDs=4/OverridePGs=0-10     	   75414	      1571 ns/op	        48.00 osd-scalar-B	         4.000 osds	         0 override-entries	         0 override-pgs	         0 override-value-B	        64.00 socket-B	       231.0 topology-B	    3584 B/op	      34 allocs/op
BenchmarkPerformanceIncremental/OSDs=4/OverridePGs=0-10     	   77508	      1608 ns/op	        48.00 osd-scalar-B	         4.000 osds	         0 override-entries	         0 override-pgs	         0 override-value-B	        64.00 socket-B	       231.0 topology-B	    3584 B/op	      34 allocs/op
BenchmarkPerformanceIncremental/OSDs=64/OverridePGs=0-10    	   30214	      4194 ns/op	       768.0 osd-scalar-B	        64.00 osds	         0 override-entries	         0 override-pgs	         0 override-value-B	      1024 socket-B	       231.0 topology-B	    9840 B/op	     154 allocs/op
BenchmarkPerformanceIncremental/OSDs=64/OverridePGs=0-10    	   30022	      5210 ns/op	       768.0 osd-scalar-B	        64.00 osds	         0 override-entries	         0 override-pgs	         0 override-value-B	      1024 socket-B	       231.0 topology-B	    9840 B/op	     154 allocs/op
BenchmarkPerformanceIncremental/OSDs=64/OverridePGs=0-10    	   28280	      4185 ns/op	       768.0 osd-scalar-B	        64.00 osds	         0 override-entries	         0 override-pgs	         0 override-value-B	      1024 socket-B	       231.0 topology-B	    9840 B/op	     154 allocs/op
BenchmarkPerformanceIncremental/OSDs=64/OverridePGs=0-10    	   27351	      4153 ns/op	       768.0 osd-scalar-B	        64.00 osds	         0 override-entries	         0 override-pgs	         0 override-value-B	      1024 socket-B	       231.0 topology-B	    9840 B/op	     154 allocs/op
BenchmarkPerformanceIncremental/OSDs=64/OverridePGs=0-10    	   28345	      4166 ns/op	       768.0 osd-scalar-B	        64.00 osds	         0 override-entries	         0 override-pgs	         0 override-value-B	      1024 socket-B	       231.0 topology-B	    9840 B/op	     154 allocs/op
BenchmarkPerformanceIncremental/OSDs=1024/OverridePGs=0-10  	    3034	     42290 ns/op	     12288 osd-scalar-B	      1024 osds	         0 override-entries	         0 override-pgs	         0 override-value-B	     16384 socket-B	       231.0 topology-B	  108272 B/op	    2074 allocs/op
BenchmarkPerformanceIncremental/OSDs=1024/OverridePGs=0-10  	    2598	     41959 ns/op	     12288 osd-scalar-B	      1024 osds	         0 override-entries	         0 override-pgs	         0 override-value-B	     16384 socket-B	       231.0 topology-B	  108272 B/op	    2074 allocs/op
BenchmarkPerformanceIncremental/OSDs=1024/OverridePGs=0-10  	    2739	     41985 ns/op	     12288 osd-scalar-B	      1024 osds	         0 override-entries	         0 override-pgs	         0 override-value-B	     16384 socket-B	       231.0 topology-B	  108272 B/op	    2074 allocs/op
BenchmarkPerformanceIncremental/OSDs=1024/OverridePGs=0-10  	    2688	     42208 ns/op	     12288 osd-scalar-B	      1024 osds	         0 override-entries	         0 override-pgs	         0 override-value-B	     16384 socket-B	       231.0 topology-B	  108272 B/op	    2074 allocs/op
BenchmarkPerformanceIncremental/OSDs=1024/OverridePGs=0-10  	    2718	     42572 ns/op	     12288 osd-scalar-B	      1024 osds	         0 override-entries	         0 override-pgs	         0 override-value-B	     16384 socket-B	       231.0 topology-B	  108272 B/op	    2074 allocs/op
BenchmarkPerformanceIncremental/OSDs=4096/OverridePGs=0-10  	     687	    166951 ns/op	     49152 osd-scalar-B	      4096 osds	         0 override-entries	         0 override-pgs	         0 override-value-B	     65536 socket-B	       231.0 topology-B	  412785 B/op	    8218 allocs/op
BenchmarkPerformanceIncremental/OSDs=4096/OverridePGs=0-10  	     727	    176511 ns/op	     49152 osd-scalar-B	      4096 osds	         0 override-entries	         0 override-pgs	         0 override-value-B	     65536 socket-B	       231.0 topology-B	  412785 B/op	    8218 allocs/op
BenchmarkPerformanceIncremental/OSDs=4096/OverridePGs=0-10  	     715	    174958 ns/op	     49152 osd-scalar-B	      4096 osds	         0 override-entries	         0 override-pgs	         0 override-value-B	     65536 socket-B	       231.0 topology-B	  412785 B/op	    8218 allocs/op
BenchmarkPerformanceIncremental/OSDs=4096/OverridePGs=0-10  	     704	    167713 ns/op	     49152 osd-scalar-B	      4096 osds	         0 override-entries	         0 override-pgs	         0 override-value-B	     65536 socket-B	       231.0 topology-B	  412785 B/op	    8218 allocs/op
BenchmarkPerformanceIncremental/OSDs=4096/OverridePGs=0-10  	     702	    169119 ns/op	     49152 osd-scalar-B	      4096 osds	         0 override-entries	         0 override-pgs	         0 override-value-B	     65536 socket-B	       231.0 topology-B	  412785 B/op	    8218 allocs/op
BenchmarkPerformanceIncremental/OSDs=4/OverridePGs=64-10    	    8883	     14846 ns/op	        48.00 osd-scalar-B	         4.000 osds	       320.0 override-entries	        64.00 override-pgs	      2048 override-value-B	        64.00 socket-B	       231.0 topology-B	   27848 B/op	     241 allocs/op
BenchmarkPerformanceIncremental/OSDs=4/OverridePGs=64-10    	    8493	     14779 ns/op	        48.00 osd-scalar-B	         4.000 osds	       320.0 override-entries	        64.00 override-pgs	      2048 override-value-B	        64.00 socket-B	       231.0 topology-B	   27848 B/op	     241 allocs/op
BenchmarkPerformanceIncremental/OSDs=4/OverridePGs=64-10    	    8976	     14705 ns/op	        48.00 osd-scalar-B	         4.000 osds	       320.0 override-entries	        64.00 override-pgs	      2048 override-value-B	        64.00 socket-B	       231.0 topology-B	   27848 B/op	     241 allocs/op
BenchmarkPerformanceIncremental/OSDs=4/OverridePGs=64-10    	    9556	     14692 ns/op	        48.00 osd-scalar-B	         4.000 osds	       320.0 override-entries	        64.00 override-pgs	      2048 override-value-B	        64.00 socket-B	       231.0 topology-B	   27848 B/op	     241 allocs/op
BenchmarkPerformanceIncremental/OSDs=4/OverridePGs=64-10    	    8635	     27692 ns/op	        48.00 osd-scalar-B	         4.000 osds	       320.0 override-entries	        64.00 override-pgs	      2048 override-value-B	        64.00 socket-B	       231.0 topology-B	   27848 B/op	     241 allocs/op
BenchmarkPerformanceIncremental/OSDs=4/OverridePGs=1024-10  	     585	    213830 ns/op	        48.00 osd-scalar-B	         4.000 osds	      5120 override-entries	      1024 override-pgs	     32768 override-value-B	        64.00 socket-B	       231.0 topology-B	  432531 B/op	    3131 allocs/op
BenchmarkPerformanceIncremental/OSDs=4/OverridePGs=1024-10  	     586	    211060 ns/op	        48.00 osd-scalar-B	         4.000 osds	      5120 override-entries	      1024 override-pgs	     32768 override-value-B	        64.00 socket-B	       231.0 topology-B	  432531 B/op	    3131 allocs/op
BenchmarkPerformanceIncremental/OSDs=4/OverridePGs=1024-10  	     566	    206602 ns/op	        48.00 osd-scalar-B	         4.000 osds	      5120 override-entries	      1024 override-pgs	     32768 override-value-B	        64.00 socket-B	       231.0 topology-B	  432532 B/op	    3131 allocs/op
BenchmarkPerformanceIncremental/OSDs=4/OverridePGs=1024-10  	     559	    210332 ns/op	        48.00 osd-scalar-B	         4.000 osds	      5120 override-entries	      1024 override-pgs	     32768 override-value-B	        64.00 socket-B	       231.0 topology-B	  432533 B/op	    3131 allocs/op
BenchmarkPerformanceIncremental/OSDs=4/OverridePGs=1024-10  	     582	    208987 ns/op	        48.00 osd-scalar-B	         4.000 osds	      5120 override-entries	      1024 override-pgs	     32768 override-value-B	        64.00 socket-B	       231.0 topology-B	  432531 B/op	    3131 allocs/op
BenchmarkPerformanceIncremental/OSDs=4/OverridePGs=4096-10  	     129	    921946 ns/op	        48.00 osd-scalar-B	         4.000 osds	     20480 override-entries	      4096 override-pgs	    131072 override-value-B	        64.00 socket-B	       231.0 topology-B	 1719373 B/op	   12407 allocs/op
BenchmarkPerformanceIncremental/OSDs=4/OverridePGs=4096-10  	     129	    917778 ns/op	        48.00 osd-scalar-B	         4.000 osds	     20480 override-entries	      4096 override-pgs	    131072 override-value-B	        64.00 socket-B	       231.0 topology-B	 1719368 B/op	   12407 allocs/op
BenchmarkPerformanceIncremental/OSDs=4/OverridePGs=4096-10  	     126	    934666 ns/op	        48.00 osd-scalar-B	         4.000 osds	     20480 override-entries	      4096 override-pgs	    131072 override-value-B	        64.00 socket-B	       231.0 topology-B	 1719370 B/op	   12407 allocs/op
BenchmarkPerformanceIncremental/OSDs=4/OverridePGs=4096-10  	     126	    932202 ns/op	        48.00 osd-scalar-B	         4.000 osds	     20480 override-entries	      4096 override-pgs	    131072 override-value-B	        64.00 socket-B	       231.0 topology-B	 1719372 B/op	   12407 allocs/op
BenchmarkPerformanceIncremental/OSDs=4/OverridePGs=4096-10  	     128	    933653 ns/op	        48.00 osd-scalar-B	         4.000 osds	     20480 override-entries	      4096 override-pgs	    131072 override-value-B	        64.00 socket-B	       231.0 topology-B	 1719375 B/op	   12407 allocs/op
PASS
ok  	github.com/otuschhoff/rados-go/internal/maps	8.576s
goos: darwin
goarch: arm64
pkg: github.com/otuschhoff/rados-go/internal/msgr
cpu: Apple M1 Max
BenchmarkPerformanceQueue/depth=1/complete-10         	  398450	       299.7 ns/op	         1.000 depth	         1.000 requests/op	     280 B/op	       7 allocs/op
--- BENCH: BenchmarkPerformanceQueue/depth=1/complete-10
    performance_baseline_test.go:106: One op is a full depth-sized batch: owner admission/refill, synthetic sent/replay registration, real reply completion or failAll, and result-channel drain. No Session pumps, dispatch, wire encoding, network, or authentication; refill remains timed.
BenchmarkPerformanceQueue/depth=1/complete-10         	  463693	       291.1 ns/op	         1.000 depth	         1.000 requests/op	     279 B/op	       7 allocs/op
--- BENCH: BenchmarkPerformanceQueue/depth=1/complete-10
    performance_baseline_test.go:106: One op is a full depth-sized batch: owner admission/refill, synthetic sent/replay registration, real reply completion or failAll, and result-channel drain. No Session pumps, dispatch, wire encoding, network, or authentication; refill remains timed.
BenchmarkPerformanceQueue/depth=1/complete-10         	  430146	       292.7 ns/op	         1.000 depth	         1.000 requests/op	     279 B/op	       7 allocs/op
--- BENCH: BenchmarkPerformanceQueue/depth=1/complete-10
    performance_baseline_test.go:106: One op is a full depth-sized batch: owner admission/refill, synthetic sent/replay registration, real reply completion or failAll, and result-channel drain. No Session pumps, dispatch, wire encoding, network, or authentication; refill remains timed.
BenchmarkPerformanceQueue/depth=1/complete-10         	  418470	       291.6 ns/op	         1.000 depth	         1.000 requests/op	     279 B/op	       7 allocs/op
--- BENCH: BenchmarkPerformanceQueue/depth=1/complete-10
    performance_baseline_test.go:106: One op is a full depth-sized batch: owner admission/refill, synthetic sent/replay registration, real reply completion or failAll, and result-channel drain. No Session pumps, dispatch, wire encoding, network, or authentication; refill remains timed.
BenchmarkPerformanceQueue/depth=1/complete-10         	  430518	       290.4 ns/op	         1.000 depth	         1.000 requests/op	     279 B/op	       7 allocs/op
--- BENCH: BenchmarkPerformanceQueue/depth=1/complete-10
    performance_baseline_test.go:106: One op is a full depth-sized batch: owner admission/refill, synthetic sent/replay registration, real reply completion or failAll, and result-channel drain. No Session pumps, dispatch, wire encoding, network, or authentication; refill remains timed.
BenchmarkPerformanceQueue/depth=1/drain-10            	  295602	       404.5 ns/op	         1.000 depth	         1.000 requests/op	     368 B/op	       9 allocs/op
--- BENCH: BenchmarkPerformanceQueue/depth=1/drain-10
    performance_baseline_test.go:106: One op is a full depth-sized batch: owner admission/refill, synthetic sent/replay registration, real reply completion or failAll, and result-channel drain. No Session pumps, dispatch, wire encoding, network, or authentication; refill remains timed.
BenchmarkPerformanceQueue/depth=1/drain-10            	  297993	       400.2 ns/op	         1.000 depth	         1.000 requests/op	     368 B/op	       9 allocs/op
--- BENCH: BenchmarkPerformanceQueue/depth=1/drain-10
    performance_baseline_test.go:106: One op is a full depth-sized batch: owner admission/refill, synthetic sent/replay registration, real reply completion or failAll, and result-channel drain. No Session pumps, dispatch, wire encoding, network, or authentication; refill remains timed.
BenchmarkPerformanceQueue/depth=1/drain-10            	  310184	       401.8 ns/op	         1.000 depth	         1.000 requests/op	     368 B/op	       9 allocs/op
--- BENCH: BenchmarkPerformanceQueue/depth=1/drain-10
    performance_baseline_test.go:106: One op is a full depth-sized batch: owner admission/refill, synthetic sent/replay registration, real reply completion or failAll, and result-channel drain. No Session pumps, dispatch, wire encoding, network, or authentication; refill remains timed.
BenchmarkPerformanceQueue/depth=1/drain-10            	  297633	       404.9 ns/op	         1.000 depth	         1.000 requests/op	     368 B/op	       9 allocs/op
--- BENCH: BenchmarkPerformanceQueue/depth=1/drain-10
    performance_baseline_test.go:106: One op is a full depth-sized batch: owner admission/refill, synthetic sent/replay registration, real reply completion or failAll, and result-channel drain. No Session pumps, dispatch, wire encoding, network, or authentication; refill remains timed.
BenchmarkPerformanceQueue/depth=1/drain-10            	  286329	       411.4 ns/op	         1.000 depth	         1.000 requests/op	     368 B/op	       9 allocs/op
--- BENCH: BenchmarkPerformanceQueue/depth=1/drain-10
    performance_baseline_test.go:106: One op is a full depth-sized batch: owner admission/refill, synthetic sent/replay registration, real reply completion or failAll, and result-channel drain. No Session pumps, dispatch, wire encoding, network, or authentication; refill remains timed.
BenchmarkPerformanceQueue/depth=64/complete-10        	    5070	     25346 ns/op	        64.00 depth	        64.00 requests/op	   20319 B/op	     454 allocs/op
--- BENCH: BenchmarkPerformanceQueue/depth=64/complete-10
    performance_baseline_test.go:106: One op is a full depth-sized batch: owner admission/refill, synthetic sent/replay registration, real reply completion or failAll, and result-channel drain. No Session pumps, dispatch, wire encoding, network, or authentication; refill remains timed.
BenchmarkPerformanceQueue/depth=64/complete-10        	    5218	     25226 ns/op	        64.00 depth	        64.00 requests/op	   20319 B/op	     454 allocs/op
--- BENCH: BenchmarkPerformanceQueue/depth=64/complete-10
    performance_baseline_test.go:106: One op is a full depth-sized batch: owner admission/refill, synthetic sent/replay registration, real reply completion or failAll, and result-channel drain. No Session pumps, dispatch, wire encoding, network, or authentication; refill remains timed.
BenchmarkPerformanceQueue/depth=64/complete-10        	    4755	     25508 ns/op	        64.00 depth	        64.00 requests/op	   20319 B/op	     454 allocs/op
--- BENCH: BenchmarkPerformanceQueue/depth=64/complete-10
    performance_baseline_test.go:106: One op is a full depth-sized batch: owner admission/refill, synthetic sent/replay registration, real reply completion or failAll, and result-channel drain. No Session pumps, dispatch, wire encoding, network, or authentication; refill remains timed.
BenchmarkPerformanceQueue/depth=64/complete-10        	    5418	     26167 ns/op	        64.00 depth	        64.00 requests/op	   20319 B/op	     454 allocs/op
--- BENCH: BenchmarkPerformanceQueue/depth=64/complete-10
    performance_baseline_test.go:106: One op is a full depth-sized batch: owner admission/refill, synthetic sent/replay registration, real reply completion or failAll, and result-channel drain. No Session pumps, dispatch, wire encoding, network, or authentication; refill remains timed.
BenchmarkPerformanceQueue/depth=64/complete-10        	    5268	     25385 ns/op	        64.00 depth	        64.00 requests/op	   20319 B/op	     454 allocs/op
--- BENCH: BenchmarkPerformanceQueue/depth=64/complete-10
    performance_baseline_test.go:106: One op is a full depth-sized batch: owner admission/refill, synthetic sent/replay registration, real reply completion or failAll, and result-channel drain. No Session pumps, dispatch, wire encoding, network, or authentication; refill remains timed.
BenchmarkPerformanceQueue/depth=64/drain-10           	    5341	     23955 ns/op	        64.00 depth	        64.00 requests/op	   24571 B/op	     462 allocs/op
--- BENCH: BenchmarkPerformanceQueue/depth=64/drain-10
    performance_baseline_test.go:106: One op is a full depth-sized batch: owner admission/refill, synthetic sent/replay registration, real reply completion or failAll, and result-channel drain. No Session pumps, dispatch, wire encoding, network, or authentication; refill remains timed.
BenchmarkPerformanceQueue/depth=64/drain-10           	    4988	     23672 ns/op	        64.00 depth	        64.00 requests/op	   24571 B/op	     462 allocs/op
--- BENCH: BenchmarkPerformanceQueue/depth=64/drain-10
    performance_baseline_test.go:106: One op is a full depth-sized batch: owner admission/refill, synthetic sent/replay registration, real reply completion or failAll, and result-channel drain. No Session pumps, dispatch, wire encoding, network, or authentication; refill remains timed.
BenchmarkPerformanceQueue/depth=64/drain-10           	    5284	     24467 ns/op	        64.00 depth	        64.00 requests/op	   24570 B/op	     462 allocs/op
--- BENCH: BenchmarkPerformanceQueue/depth=64/drain-10
    performance_baseline_test.go:106: One op is a full depth-sized batch: owner admission/refill, synthetic sent/replay registration, real reply completion or failAll, and result-channel drain. No Session pumps, dispatch, wire encoding, network, or authentication; refill remains timed.
BenchmarkPerformanceQueue/depth=64/drain-10           	    5238	     23714 ns/op	        64.00 depth	        64.00 requests/op	   24570 B/op	     462 allocs/op
--- BENCH: BenchmarkPerformanceQueue/depth=64/drain-10
    performance_baseline_test.go:106: One op is a full depth-sized batch: owner admission/refill, synthetic sent/replay registration, real reply completion or failAll, and result-channel drain. No Session pumps, dispatch, wire encoding, network, or authentication; refill remains timed.
BenchmarkPerformanceQueue/depth=64/drain-10           	    4714	     23883 ns/op	        64.00 depth	        64.00 requests/op	   24570 B/op	     462 allocs/op
--- BENCH: BenchmarkPerformanceQueue/depth=64/drain-10
    performance_baseline_test.go:106: One op is a full depth-sized batch: owner admission/refill, synthetic sent/replay registration, real reply completion or failAll, and result-channel drain. No Session pumps, dispatch, wire encoding, network, or authentication; refill remains timed.
BenchmarkPerformanceQueue/depth=1024/complete-10      	     100	   1286609 ns/op	      1024 depth	      1024 requests/op	  373327 B/op	    7177 allocs/op
--- BENCH: BenchmarkPerformanceQueue/depth=1024/complete-10
    performance_baseline_test.go:106: One op is a full depth-sized batch: owner admission/refill, synthetic sent/replay registration, real reply completion or failAll, and result-channel drain. No Session pumps, dispatch, wire encoding, network, or authentication; refill remains timed.
BenchmarkPerformanceQueue/depth=1024/complete-10      	     100	   1214894 ns/op	      1024 depth	      1024 requests/op	  373325 B/op	    7177 allocs/op
--- BENCH: BenchmarkPerformanceQueue/depth=1024/complete-10
    performance_baseline_test.go:106: One op is a full depth-sized batch: owner admission/refill, synthetic sent/replay registration, real reply completion or failAll, and result-channel drain. No Session pumps, dispatch, wire encoding, network, or authentication; refill remains timed.
BenchmarkPerformanceQueue/depth=1024/complete-10      	     100	   1227495 ns/op	      1024 depth	      1024 requests/op	  373325 B/op	    7177 allocs/op
--- BENCH: BenchmarkPerformanceQueue/depth=1024/complete-10
    performance_baseline_test.go:106: One op is a full depth-sized batch: owner admission/refill, synthetic sent/replay registration, real reply completion or failAll, and result-channel drain. No Session pumps, dispatch, wire encoding, network, or authentication; refill remains timed.
BenchmarkPerformanceQueue/depth=1024/complete-10      	      99	   1256966 ns/op	      1024 depth	      1024 requests/op	  373324 B/op	    7177 allocs/op
--- BENCH: BenchmarkPerformanceQueue/depth=1024/complete-10
    performance_baseline_test.go:106: One op is a full depth-sized batch: owner admission/refill, synthetic sent/replay registration, real reply completion or failAll, and result-channel drain. No Session pumps, dispatch, wire encoding, network, or authentication; refill remains timed.
BenchmarkPerformanceQueue/depth=1024/complete-10      	     100	   1216669 ns/op	      1024 depth	      1024 requests/op	  373324 B/op	    7177 allocs/op
--- BENCH: BenchmarkPerformanceQueue/depth=1024/complete-10
    performance_baseline_test.go:106: One op is a full depth-sized batch: owner admission/refill, synthetic sent/replay registration, real reply completion or failAll, and result-channel drain. No Session pumps, dispatch, wire encoding, network, or authentication; refill remains timed.
BenchmarkPerformanceQueue/depth=1024/drain-10         	     307	    397248 ns/op	      1024 depth	      1024 requests/op	  420158 B/op	    7192 allocs/op
--- BENCH: BenchmarkPerformanceQueue/depth=1024/drain-10
    performance_baseline_test.go:106: One op is a full depth-sized batch: owner admission/refill, synthetic sent/replay registration, real reply completion or failAll, and result-channel drain. No Session pumps, dispatch, wire encoding, network, or authentication; refill remains timed.
BenchmarkPerformanceQueue/depth=1024/drain-10         	     294	    414655 ns/op	      1024 depth	      1024 requests/op	  420119 B/op	    7192 allocs/op
--- BENCH: BenchmarkPerformanceQueue/depth=1024/drain-10
    performance_baseline_test.go:106: One op is a full depth-sized batch: owner admission/refill, synthetic sent/replay registration, real reply completion or failAll, and result-channel drain. No Session pumps, dispatch, wire encoding, network, or authentication; refill remains timed.
BenchmarkPerformanceQueue/depth=1024/drain-10         	     297	    406804 ns/op	      1024 depth	      1024 requests/op	  420130 B/op	    7192 allocs/op
--- BENCH: BenchmarkPerformanceQueue/depth=1024/drain-10
    performance_baseline_test.go:106: One op is a full depth-sized batch: owner admission/refill, synthetic sent/replay registration, real reply completion or failAll, and result-channel drain. No Session pumps, dispatch, wire encoding, network, or authentication; refill remains timed.
BenchmarkPerformanceQueue/depth=1024/drain-10         	     288	    407819 ns/op	      1024 depth	      1024 requests/op	  420126 B/op	    7192 allocs/op
--- BENCH: BenchmarkPerformanceQueue/depth=1024/drain-10
    performance_baseline_test.go:106: One op is a full depth-sized batch: owner admission/refill, synthetic sent/replay registration, real reply completion or failAll, and result-channel drain. No Session pumps, dispatch, wire encoding, network, or authentication; refill remains timed.
BenchmarkPerformanceQueue/depth=1024/drain-10         	     298	    401893 ns/op	      1024 depth	      1024 requests/op	  420134 B/op	    7192 allocs/op
--- BENCH: BenchmarkPerformanceQueue/depth=1024/drain-10
    performance_baseline_test.go:106: One op is a full depth-sized batch: owner admission/refill, synthetic sent/replay registration, real reply completion or failAll, and result-channel drain. No Session pumps, dispatch, wire encoding, network, or authentication; refill remains timed.
BenchmarkPerformanceQueue/depth=4096/complete-10      	       6	  19669924 ns/op	      4096 depth	      4096 requests/op	 1437968 B/op	   28644 allocs/op
--- BENCH: BenchmarkPerformanceQueue/depth=4096/complete-10
    performance_baseline_test.go:106: One op is a full depth-sized batch: owner admission/refill, synthetic sent/replay registration, real reply completion or failAll, and result-channel drain. No Session pumps, dispatch, wire encoding, network, or authentication; refill remains timed.
BenchmarkPerformanceQueue/depth=4096/complete-10      	       6	  19903875 ns/op	      4096 depth	      4096 requests/op	 1437989 B/op	   28644 allocs/op
--- BENCH: BenchmarkPerformanceQueue/depth=4096/complete-10
    performance_baseline_test.go:106: One op is a full depth-sized batch: owner admission/refill, synthetic sent/replay registration, real reply completion or failAll, and result-channel drain. No Session pumps, dispatch, wire encoding, network, or authentication; refill remains timed.
BenchmarkPerformanceQueue/depth=4096/complete-10      	       6	  20048576 ns/op	      4096 depth	      4096 requests/op	 1437986 B/op	   28644 allocs/op
--- BENCH: BenchmarkPerformanceQueue/depth=4096/complete-10
    performance_baseline_test.go:106: One op is a full depth-sized batch: owner admission/refill, synthetic sent/replay registration, real reply completion or failAll, and result-channel drain. No Session pumps, dispatch, wire encoding, network, or authentication; refill remains timed.
BenchmarkPerformanceQueue/depth=4096/complete-10      	       6	  19785799 ns/op	      4096 depth	      4096 requests/op	 1438008 B/op	   28644 allocs/op
--- BENCH: BenchmarkPerformanceQueue/depth=4096/complete-10
    performance_baseline_test.go:106: One op is a full depth-sized batch: owner admission/refill, synthetic sent/replay registration, real reply completion or failAll, and result-channel drain. No Session pumps, dispatch, wire encoding, network, or authentication; refill remains timed.
BenchmarkPerformanceQueue/depth=4096/complete-10      	       6	  20100680 ns/op	      4096 depth	      4096 requests/op	 1437986 B/op	   28644 allocs/op
--- BENCH: BenchmarkPerformanceQueue/depth=4096/complete-10
    performance_baseline_test.go:106: One op is a full depth-sized batch: owner admission/refill, synthetic sent/replay registration, real reply completion or failAll, and result-channel drain. No Session pumps, dispatch, wire encoding, network, or authentication; refill remains timed.
BenchmarkPerformanceQueue/depth=4096/drain-10         	      70	   1669289 ns/op	      4096 depth	      4096 requests/op	 1747605 B/op	   28706 allocs/op
--- BENCH: BenchmarkPerformanceQueue/depth=4096/drain-10
    performance_baseline_test.go:106: One op is a full depth-sized batch: owner admission/refill, synthetic sent/replay registration, real reply completion or failAll, and result-channel drain. No Session pumps, dispatch, wire encoding, network, or authentication; refill remains timed.
BenchmarkPerformanceQueue/depth=4096/drain-10         	      62	   1674823 ns/op	      4096 depth	      4096 requests/op	 1747043 B/op	   28705 allocs/op
--- BENCH: BenchmarkPerformanceQueue/depth=4096/drain-10
    performance_baseline_test.go:106: One op is a full depth-sized batch: owner admission/refill, synthetic sent/replay registration, real reply completion or failAll, and result-channel drain. No Session pumps, dispatch, wire encoding, network, or authentication; refill remains timed.
BenchmarkPerformanceQueue/depth=4096/drain-10         	      70	   1689089 ns/op	      4096 depth	      4096 requests/op	 1747647 B/op	   28706 allocs/op
--- BENCH: BenchmarkPerformanceQueue/depth=4096/drain-10
    performance_baseline_test.go:106: One op is a full depth-sized batch: owner admission/refill, synthetic sent/replay registration, real reply completion or failAll, and result-channel drain. No Session pumps, dispatch, wire encoding, network, or authentication; refill remains timed.
BenchmarkPerformanceQueue/depth=4096/drain-10         	      60	   1713335 ns/op	      4096 depth	      4096 requests/op	 1746982 B/op	   28706 allocs/op
--- BENCH: BenchmarkPerformanceQueue/depth=4096/drain-10
    performance_baseline_test.go:106: One op is a full depth-sized batch: owner admission/refill, synthetic sent/replay registration, real reply completion or failAll, and result-channel drain. No Session pumps, dispatch, wire encoding, network, or authentication; refill remains timed.
BenchmarkPerformanceQueue/depth=4096/drain-10         	      64	   1675030 ns/op	      4096 depth	      4096 requests/op	 1747246 B/op	   28706 allocs/op
--- BENCH: BenchmarkPerformanceQueue/depth=4096/drain-10
    performance_baseline_test.go:106: One op is a full depth-sized batch: owner admission/refill, synthetic sent/replay registration, real reply completion or failAll, and result-channel drain. No Session pumps, dispatch, wire encoding, network, or authentication; refill remains timed.
BenchmarkPerformanceSubmissionReplay/crc/bytes=4096/initial-10         	    3968	     29936 ns/op	 136.83 MB/s	         1.000 message-sends/op	         1.000 requests/op	   34865 B/op	     105 allocs/op
--- BENCH: BenchmarkPerformanceSubmissionReplay/crc/bytes=4096/initial-10
    performance_baseline_test.go:301: One op is a complete request lifecycle. Timed: codec/session/fixture creation, actual Session.Submit admission copy, pumps, EncodeMessage, real CRC/AEAD wire encode, peer decode/send validation, optional channel-forced fault + reconnect control + replay, small injected reply, completion ACK, snapshot, Stop. Excluded: connection establishment, authentication, sockets, inbound wire decode, OSD processing, backoff delays. MB/s counts outbound application payload across message sends, not control/wire bytes.
BenchmarkPerformanceSubmissionReplay/crc/bytes=4096/initial-10         	    4312	     27698 ns/op	 147.88 MB/s	         1.000 message-sends/op	         1.000 requests/op	   34845 B/op	     105 allocs/op
--- BENCH: BenchmarkPerformanceSubmissionReplay/crc/bytes=4096/initial-10
    performance_baseline_test.go:301: One op is a complete request lifecycle. Timed: codec/session/fixture creation, actual Session.Submit admission copy, pumps, EncodeMessage, real CRC/AEAD wire encode, peer decode/send validation, optional channel-forced fault + reconnect control + replay, small injected reply, completion ACK, snapshot, Stop. Excluded: connection establishment, authentication, sockets, inbound wire decode, OSD processing, backoff delays. MB/s counts outbound application payload across message sends, not control/wire bytes.
BenchmarkPerformanceSubmissionReplay/crc/bytes=4096/initial-10         	    3978	     29813 ns/op	 137.39 MB/s	         1.000 message-sends/op	         1.000 requests/op	   34833 B/op	     105 allocs/op
--- BENCH: BenchmarkPerformanceSubmissionReplay/crc/bytes=4096/initial-10
    performance_baseline_test.go:301: One op is a complete request lifecycle. Timed: codec/session/fixture creation, actual Session.Submit admission copy, pumps, EncodeMessage, real CRC/AEAD wire encode, peer decode/send validation, optional channel-forced fault + reconnect control + replay, small injected reply, completion ACK, snapshot, Stop. Excluded: connection establishment, authentication, sockets, inbound wire decode, OSD processing, backoff delays. MB/s counts outbound application payload across message sends, not control/wire bytes.
BenchmarkPerformanceSubmissionReplay/crc/bytes=4096/initial-10         	    3864	     28666 ns/op	 142.89 MB/s	         1.000 message-sends/op	         1.000 requests/op	   34836 B/op	     105 allocs/op
--- BENCH: BenchmarkPerformanceSubmissionReplay/crc/bytes=4096/initial-10
    performance_baseline_test.go:301: One op is a complete request lifecycle. Timed: codec/session/fixture creation, actual Session.Submit admission copy, pumps, EncodeMessage, real CRC/AEAD wire encode, peer decode/send validation, optional channel-forced fault + reconnect control + replay, small injected reply, completion ACK, snapshot, Stop. Excluded: connection establishment, authentication, sockets, inbound wire decode, OSD processing, backoff delays. MB/s counts outbound application payload across message sends, not control/wire bytes.
BenchmarkPerformanceSubmissionReplay/crc/bytes=4096/initial-10         	    4470	     29662 ns/op	 138.09 MB/s	         1.000 message-sends/op	         1.000 requests/op	   34840 B/op	     105 allocs/op
--- BENCH: BenchmarkPerformanceSubmissionReplay/crc/bytes=4096/initial-10
    performance_baseline_test.go:301: One op is a complete request lifecycle. Timed: codec/session/fixture creation, actual Session.Submit admission copy, pumps, EncodeMessage, real CRC/AEAD wire encode, peer decode/send validation, optional channel-forced fault + reconnect control + replay, small injected reply, completion ACK, snapshot, Stop. Excluded: connection establishment, authentication, sockets, inbound wire decode, OSD processing, backoff delays. MB/s counts outbound application payload across message sends, not control/wire bytes.
BenchmarkPerformanceSubmissionReplay/crc/bytes=4096/initial+replay-10  	    3012	     46746 ns/op	 175.25 MB/s	         2.000 message-sends/op	         1.000 requests/op	   54463 B/op	     161 allocs/op
--- BENCH: BenchmarkPerformanceSubmissionReplay/crc/bytes=4096/initial+replay-10
    performance_baseline_test.go:301: One op is a complete request lifecycle. Timed: codec/session/fixture creation, actual Session.Submit admission copy, pumps, EncodeMessage, real CRC/AEAD wire encode, peer decode/send validation, optional channel-forced fault + reconnect control + replay, small injected reply, completion ACK, snapshot, Stop. Excluded: connection establishment, authentication, sockets, inbound wire decode, OSD processing, backoff delays. MB/s counts outbound application payload across message sends, not control/wire bytes.
BenchmarkPerformanceSubmissionReplay/crc/bytes=4096/initial+replay-10  	    2307	     45585 ns/op	 179.71 MB/s	         2.000 message-sends/op	         1.000 requests/op	   54462 B/op	     161 allocs/op
--- BENCH: BenchmarkPerformanceSubmissionReplay/crc/bytes=4096/initial+replay-10
    performance_baseline_test.go:301: One op is a complete request lifecycle. Timed: codec/session/fixture creation, actual Session.Submit admission copy, pumps, EncodeMessage, real CRC/AEAD wire encode, peer decode/send validation, optional channel-forced fault + reconnect control + replay, small injected reply, completion ACK, snapshot, Stop. Excluded: connection establishment, authentication, sockets, inbound wire decode, OSD processing, backoff delays. MB/s counts outbound application payload across message sends, not control/wire bytes.
BenchmarkPerformanceSubmissionReplay/crc/bytes=4096/initial+replay-10  	    3297	     47027 ns/op	 174.20 MB/s	         2.000 message-sends/op	         1.000 requests/op	   54458 B/op	     161 allocs/op
--- BENCH: BenchmarkPerformanceSubmissionReplay/crc/bytes=4096/initial+replay-10
    performance_baseline_test.go:301: One op is a complete request lifecycle. Timed: codec/session/fixture creation, actual Session.Submit admission copy, pumps, EncodeMessage, real CRC/AEAD wire encode, peer decode/send validation, optional channel-forced fault + reconnect control + replay, small injected reply, completion ACK, snapshot, Stop. Excluded: connection establishment, authentication, sockets, inbound wire decode, OSD processing, backoff delays. MB/s counts outbound application payload across message sends, not control/wire bytes.
BenchmarkPerformanceSubmissionReplay/crc/bytes=4096/initial+replay-10  	    2692	     85399 ns/op	  95.93 MB/s	         2.000 message-sends/op	         1.000 requests/op	   54452 B/op	     161 allocs/op
--- BENCH: BenchmarkPerformanceSubmissionReplay/crc/bytes=4096/initial+replay-10
    performance_baseline_test.go:301: One op is a complete request lifecycle. Timed: codec/session/fixture creation, actual Session.Submit admission copy, pumps, EncodeMessage, real CRC/AEAD wire encode, peer decode/send validation, optional channel-forced fault + reconnect control + replay, small injected reply, completion ACK, snapshot, Stop. Excluded: connection establishment, authentication, sockets, inbound wire decode, OSD processing, backoff delays. MB/s counts outbound application payload across message sends, not control/wire bytes.
BenchmarkPerformanceSubmissionReplay/crc/bytes=4096/initial+replay-10  	    2509	     47984 ns/op	 170.73 MB/s	         2.000 message-sends/op	         1.000 requests/op	   54461 B/op	     161 allocs/op
--- BENCH: BenchmarkPerformanceSubmissionReplay/crc/bytes=4096/initial+replay-10
    performance_baseline_test.go:301: One op is a complete request lifecycle. Timed: codec/session/fixture creation, actual Session.Submit admission copy, pumps, EncodeMessage, real CRC/AEAD wire encode, peer decode/send validation, optional channel-forced fault + reconnect control + replay, small injected reply, completion ACK, snapshot, Stop. Excluded: connection establishment, authentication, sockets, inbound wire decode, OSD processing, backoff delays. MB/s counts outbound application payload across message sends, not control/wire bytes.
BenchmarkPerformanceSubmissionReplay/crc/bytes=65536/initial-10        	    1176	     94696 ns/op	 692.06 MB/s	         1.000 message-sends/op	         1.000 requests/op	  349495 B/op	     105 allocs/op
--- BENCH: BenchmarkPerformanceSubmissionReplay/crc/bytes=65536/initial-10
    performance_baseline_test.go:301: One op is a complete request lifecycle. Timed: codec/session/fixture creation, actual Session.Submit admission copy, pumps, EncodeMessage, real CRC/AEAD wire encode, peer decode/send validation, optional channel-forced fault + reconnect control + replay, small injected reply, completion ACK, snapshot, Stop. Excluded: connection establishment, authentication, sockets, inbound wire decode, OSD processing, backoff delays. MB/s counts outbound application payload across message sends, not control/wire bytes.
BenchmarkPerformanceSubmissionReplay/crc/bytes=65536/initial-10        	    1448	     93146 ns/op	 703.59 MB/s	         1.000 message-sends/op	         1.000 requests/op	  349486 B/op	     105 allocs/op
--- BENCH: BenchmarkPerformanceSubmissionReplay/crc/bytes=65536/initial-10
    performance_baseline_test.go:301: One op is a complete request lifecycle. Timed: codec/session/fixture creation, actual Session.Submit admission copy, pumps, EncodeMessage, real CRC/AEAD wire encode, peer decode/send validation, optional channel-forced fault + reconnect control + replay, small injected reply, completion ACK, snapshot, Stop. Excluded: connection establishment, authentication, sockets, inbound wire decode, OSD processing, backoff delays. MB/s counts outbound application payload across message sends, not control/wire bytes.
BenchmarkPerformanceSubmissionReplay/crc/bytes=65536/initial-10        	     750	    140094 ns/op	 467.80 MB/s	         1.000 message-sends/op	         1.000 requests/op	  349496 B/op	     105 allocs/op
--- BENCH: BenchmarkPerformanceSubmissionReplay/crc/bytes=65536/initial-10
    performance_baseline_test.go:301: One op is a complete request lifecycle. Timed: codec/session/fixture creation, actual Session.Submit admission copy, pumps, EncodeMessage, real CRC/AEAD wire encode, peer decode/send validation, optional channel-forced fault + reconnect control + replay, small injected reply, completion ACK, snapshot, Stop. Excluded: connection establishment, authentication, sockets, inbound wire decode, OSD processing, backoff delays. MB/s counts outbound application payload across message sends, not control/wire bytes.
BenchmarkPerformanceSubmissionReplay/crc/bytes=65536/initial-10        	    1275	    110533 ns/op	 592.91 MB/s	         1.000 message-sends/op	         1.000 requests/op	  349486 B/op	     105 allocs/op
--- BENCH: BenchmarkPerformanceSubmissionReplay/crc/bytes=65536/initial-10
    performance_baseline_test.go:301: One op is a complete request lifecycle. Timed: codec/session/fixture creation, actual Session.Submit admission copy, pumps, EncodeMessage, real CRC/AEAD wire encode, peer decode/send validation, optional channel-forced fault + reconnect control + replay, small injected reply, completion ACK, snapshot, Stop. Excluded: connection establishment, authentication, sockets, inbound wire decode, OSD processing, backoff delays. MB/s counts outbound application payload across message sends, not control/wire bytes.
BenchmarkPerformanceSubmissionReplay/crc/bytes=65536/initial-10        	    1088	     99411 ns/op	 659.24 MB/s	         1.000 message-sends/op	         1.000 requests/op	  349492 B/op	     105 allocs/op
--- BENCH: BenchmarkPerformanceSubmissionReplay/crc/bytes=65536/initial-10
    performance_baseline_test.go:301: One op is a complete request lifecycle. Timed: codec/session/fixture creation, actual Session.Submit admission copy, pumps, EncodeMessage, real CRC/AEAD wire encode, peer decode/send validation, optional channel-forced fault + reconnect control + replay, small injected reply, completion ACK, snapshot, Stop. Excluded: connection establishment, authentication, sockets, inbound wire decode, OSD processing, backoff delays. MB/s counts outbound application payload across message sends, not control/wire bytes.
BenchmarkPerformanceSubmissionReplay/crc/bytes=65536/initial+replay-10 	     724	    181945 ns/op	 720.39 MB/s	         2.000 message-sends/op	         1.000 requests/op	  622336 B/op	     161 allocs/op
--- BENCH: BenchmarkPerformanceSubmissionReplay/crc/bytes=65536/initial+replay-10
    performance_baseline_test.go:301: One op is a complete request lifecycle. Timed: codec/session/fixture creation, actual Session.Submit admission copy, pumps, EncodeMessage, real CRC/AEAD wire encode, peer decode/send validation, optional channel-forced fault + reconnect control + replay, small injected reply, completion ACK, snapshot, Stop. Excluded: connection establishment, authentication, sockets, inbound wire decode, OSD processing, backoff delays. MB/s counts outbound application payload across message sends, not control/wire bytes.
BenchmarkPerformanceSubmissionReplay/crc/bytes=65536/initial+replay-10 	     730	    181687 ns/op	 721.42 MB/s	         2.000 message-sends/op	         1.000 requests/op	  622356 B/op	     162 allocs/op
--- BENCH: BenchmarkPerformanceSubmissionReplay/crc/bytes=65536/initial+replay-10
    performance_baseline_test.go:301: One op is a complete request lifecycle. Timed: codec/session/fixture creation, actual Session.Submit admission copy, pumps, EncodeMessage, real CRC/AEAD wire encode, peer decode/send validation, optional channel-forced fault + reconnect control + replay, small injected reply, completion ACK, snapshot, Stop. Excluded: connection establishment, authentication, sockets, inbound wire decode, OSD processing, backoff delays. MB/s counts outbound application payload across message sends, not control/wire bytes.
BenchmarkPerformanceSubmissionReplay/crc/bytes=65536/initial+replay-10 	     669	    178496 ns/op	 734.31 MB/s	         2.000 message-sends/op	         1.000 requests/op	  622293 B/op	     161 allocs/op
--- BENCH: BenchmarkPerformanceSubmissionReplay/crc/bytes=65536/initial+replay-10
    performance_baseline_test.go:301: One op is a complete request lifecycle. Timed: codec/session/fixture creation, actual Session.Submit admission copy, pumps, EncodeMessage, real CRC/AEAD wire encode, peer decode/send validation, optional channel-forced fault + reconnect control + replay, small injected reply, completion ACK, snapshot, Stop. Excluded: connection establishment, authentication, sockets, inbound wire decode, OSD processing, backoff delays. MB/s counts outbound application payload across message sends, not control/wire bytes.
BenchmarkPerformanceSubmissionReplay/crc/bytes=65536/initial+replay-10 	     706	    182487 ns/op	 718.25 MB/s	         2.000 message-sends/op	         1.000 requests/op	  622312 B/op	     161 allocs/op
--- BENCH: BenchmarkPerformanceSubmissionReplay/crc/bytes=65536/initial+replay-10
    performance_baseline_test.go:301: One op is a complete request lifecycle. Timed: codec/session/fixture creation, actual Session.Submit admission copy, pumps, EncodeMessage, real CRC/AEAD wire encode, peer decode/send validation, optional channel-forced fault + reconnect control + replay, small injected reply, completion ACK, snapshot, Stop. Excluded: connection establishment, authentication, sockets, inbound wire decode, OSD processing, backoff delays. MB/s counts outbound application payload across message sends, not control/wire bytes.
BenchmarkPerformanceSubmissionReplay/crc/bytes=65536/initial+replay-10 	     673	    169542 ns/op	 773.09 MB/s	         2.000 message-sends/op	         1.000 requests/op	  622355 B/op	     161 allocs/op
--- BENCH: BenchmarkPerformanceSubmissionReplay/crc/bytes=65536/initial+replay-10
    performance_baseline_test.go:301: One op is a complete request lifecycle. Timed: codec/session/fixture creation, actual Session.Submit admission copy, pumps, EncodeMessage, real CRC/AEAD wire encode, peer decode/send validation, optional channel-forced fault + reconnect control + replay, small injected reply, completion ACK, snapshot, Stop. Excluded: connection establishment, authentication, sockets, inbound wire decode, OSD processing, backoff delays. MB/s counts outbound application payload across message sends, not control/wire bytes.
BenchmarkPerformanceSubmissionReplay/crc/bytes=4194304/initial-10      	      44	   2591163 ns/op	1618.70 MB/s	         1.000 message-sends/op	         1.000 requests/op	20993331 B/op	     105 allocs/op
--- BENCH: BenchmarkPerformanceSubmissionReplay/crc/bytes=4194304/initial-10
    performance_baseline_test.go:301: One op is a complete request lifecycle. Timed: codec/session/fixture creation, actual Session.Submit admission copy, pumps, EncodeMessage, real CRC/AEAD wire encode, peer decode/send validation, optional channel-forced fault + reconnect control + replay, small injected reply, completion ACK, snapshot, Stop. Excluded: connection establishment, authentication, sockets, inbound wire decode, OSD processing, backoff delays. MB/s counts outbound application payload across message sends, not control/wire bytes.
BenchmarkPerformanceSubmissionReplay/crc/bytes=4194304/initial-10      	      51	   2287020 ns/op	1833.96 MB/s	         1.000 message-sends/op	         1.000 requests/op	20993398 B/op	     105 allocs/op
--- BENCH: BenchmarkPerformanceSubmissionReplay/crc/bytes=4194304/initial-10
    performance_baseline_test.go:301: One op is a complete request lifecycle. Timed: codec/session/fixture creation, actual Session.Submit admission copy, pumps, EncodeMessage, real CRC/AEAD wire encode, peer decode/send validation, optional channel-forced fault + reconnect control + replay, small injected reply, completion ACK, snapshot, Stop. Excluded: connection establishment, authentication, sockets, inbound wire decode, OSD processing, backoff delays. MB/s counts outbound application payload across message sends, not control/wire bytes.
BenchmarkPerformanceSubmissionReplay/crc/bytes=4194304/initial-10      	      49	   2490634 ns/op	1684.03 MB/s	         1.000 message-sends/op	         1.000 requests/op	20993431 B/op	     106 allocs/op
--- BENCH: BenchmarkPerformanceSubmissionReplay/crc/bytes=4194304/initial-10
    performance_baseline_test.go:301: One op is a complete request lifecycle. Timed: codec/session/fixture creation, actual Session.Submit admission copy, pumps, EncodeMessage, real CRC/AEAD wire encode, peer decode/send validation, optional channel-forced fault + reconnect control + replay, small injected reply, completion ACK, snapshot, Stop. Excluded: connection establishment, authentication, sockets, inbound wire decode, OSD processing, backoff delays. MB/s counts outbound application payload across message sends, not control/wire bytes.
BenchmarkPerformanceSubmissionReplay/crc/bytes=4194304/initial-10      	      51	   2306870 ns/op	1818.18 MB/s	         1.000 message-sends/op	         1.000 requests/op	20993318 B/op	     105 allocs/op
--- BENCH: BenchmarkPerformanceSubmissionReplay/crc/bytes=4194304/initial-10
    performance_baseline_test.go:301: One op is a complete request lifecycle. Timed: codec/session/fixture creation, actual Session.Submit admission copy, pumps, EncodeMessage, real CRC/AEAD wire encode, peer decode/send validation, optional channel-forced fault + reconnect control + replay, small injected reply, completion ACK, snapshot, Stop. Excluded: connection establishment, authentication, sockets, inbound wire decode, OSD processing, backoff delays. MB/s counts outbound application payload across message sends, not control/wire bytes.
BenchmarkPerformanceSubmissionReplay/crc/bytes=4194304/initial-10      	      45	   2420342 ns/op	1732.94 MB/s	         1.000 message-sends/op	         1.000 requests/op	20993410 B/op	     106 allocs/op
--- BENCH: BenchmarkPerformanceSubmissionReplay/crc/bytes=4194304/initial-10
    performance_baseline_test.go:301: One op is a complete request lifecycle. Timed: codec/session/fixture creation, actual Session.Submit admission copy, pumps, EncodeMessage, real CRC/AEAD wire encode, peer decode/send validation, optional channel-forced fault + reconnect control + replay, small injected reply, completion ACK, snapshot, Stop. Excluded: connection establishment, authentication, sockets, inbound wire decode, OSD processing, backoff delays. MB/s counts outbound application payload across message sends, not control/wire bytes.
BenchmarkPerformanceSubmissionReplay/crc/bytes=4194304/initial+replay-10         	      25	   4669382 ns/op	1796.51 MB/s	         2.000 message-sends/op	         1.000 requests/op	37781350 B/op	     162 allocs/op
--- BENCH: BenchmarkPerformanceSubmissionReplay/crc/bytes=4194304/initial+replay-10
    performance_baseline_test.go:301: One op is a complete request lifecycle. Timed: codec/session/fixture creation, actual Session.Submit admission copy, pumps, EncodeMessage, real CRC/AEAD wire encode, peer decode/send validation, optional channel-forced fault + reconnect control + replay, small injected reply, completion ACK, snapshot, Stop. Excluded: connection establishment, authentication, sockets, inbound wire decode, OSD processing, backoff delays. MB/s counts outbound application payload across message sends, not control/wire bytes.
BenchmarkPerformanceSubmissionReplay/crc/bytes=4194304/initial+replay-10         	      22	   4799456 ns/op	1747.82 MB/s	         2.000 message-sends/op	         1.000 requests/op	37781257 B/op	     161 allocs/op
--- BENCH: BenchmarkPerformanceSubmissionReplay/crc/bytes=4194304/initial+replay-10
    performance_baseline_test.go:301: One op is a complete request lifecycle. Timed: codec/session/fixture creation, actual Session.Submit admission copy, pumps, EncodeMessage, real CRC/AEAD wire encode, peer decode/send validation, optional channel-forced fault + reconnect control + replay, small injected reply, completion ACK, snapshot, Stop. Excluded: connection establishment, authentication, sockets, inbound wire decode, OSD processing, backoff delays. MB/s counts outbound application payload across message sends, not control/wire bytes.
BenchmarkPerformanceSubmissionReplay/crc/bytes=4194304/initial+replay-10         	      22	   4668174 ns/op	1796.98 MB/s	         2.000 message-sends/op	         1.000 requests/op	37781301 B/op	     162 allocs/op
--- BENCH: BenchmarkPerformanceSubmissionReplay/crc/bytes=4194304/initial+replay-10
    performance_baseline_test.go:301: One op is a complete request lifecycle. Timed: codec/session/fixture creation, actual Session.Submit admission copy, pumps, EncodeMessage, real CRC/AEAD wire encode, peer decode/send validation, optional channel-forced fault + reconnect control + replay, small injected reply, completion ACK, snapshot, Stop. Excluded: connection establishment, authentication, sockets, inbound wire decode, OSD processing, backoff delays. MB/s counts outbound application payload across message sends, not control/wire bytes.
BenchmarkPerformanceSubmissionReplay/crc/bytes=4194304/initial+replay-10         	      21	   5105740 ns/op	1642.98 MB/s	         2.000 message-sends/op	         1.000 requests/op	37781424 B/op	     163 allocs/op
--- BENCH: BenchmarkPerformanceSubmissionReplay/crc/bytes=4194304/initial+replay-10
    performance_baseline_test.go:301: One op is a complete request lifecycle. Timed: codec/session/fixture creation, actual Session.Submit admission copy, pumps, EncodeMessage, real CRC/AEAD wire encode, peer decode/send validation, optional channel-forced fault + reconnect control + replay, small injected reply, completion ACK, snapshot, Stop. Excluded: connection establishment, authentication, sockets, inbound wire decode, OSD processing, backoff delays. MB/s counts outbound application payload across message sends, not control/wire bytes.
BenchmarkPerformanceSubmissionReplay/crc/bytes=4194304/initial+replay-10         	      22	   4950019 ns/op	1694.66 MB/s	         2.000 message-sends/op	         1.000 requests/op	37781416 B/op	     163 allocs/op
--- BENCH: BenchmarkPerformanceSubmissionReplay/crc/bytes=4194304/initial+replay-10
    performance_baseline_test.go:301: One op is a complete request lifecycle. Timed: codec/session/fixture creation, actual Session.Submit admission copy, pumps, EncodeMessage, real CRC/AEAD wire encode, peer decode/send validation, optional channel-forced fault + reconnect control + replay, small injected reply, completion ACK, snapshot, Stop. Excluded: connection establishment, authentication, sockets, inbound wire decode, OSD processing, backoff delays. MB/s counts outbound application payload across message sends, not control/wire bytes.
BenchmarkPerformanceSubmissionReplay/secure/bytes=4096/initial-10                	    2986	     35702 ns/op	 114.73 MB/s	         1.000 message-sends/op	         1.000 requests/op	   36862 B/op	     117 allocs/op
--- BENCH: BenchmarkPerformanceSubmissionReplay/secure/bytes=4096/initial-10
    performance_baseline_test.go:301: One op is a complete request lifecycle. Timed: codec/session/fixture creation, actual Session.Submit admission copy, pumps, EncodeMessage, real CRC/AEAD wire encode, peer decode/send validation, optional channel-forced fault + reconnect control + replay, small injected reply, completion ACK, snapshot, Stop. Excluded: connection establishment, authentication, sockets, inbound wire decode, OSD processing, backoff delays. MB/s counts outbound application payload across message sends, not control/wire bytes.
BenchmarkPerformanceSubmissionReplay/secure/bytes=4096/initial-10                	    4261	     34484 ns/op	 118.78 MB/s	         1.000 message-sends/op	         1.000 requests/op	   36856 B/op	     117 allocs/op
--- BENCH: BenchmarkPerformanceSubmissionReplay/secure/bytes=4096/initial-10
    performance_baseline_test.go:301: One op is a complete request lifecycle. Timed: codec/session/fixture creation, actual Session.Submit admission copy, pumps, EncodeMessage, real CRC/AEAD wire encode, peer decode/send validation, optional channel-forced fault + reconnect control + replay, small injected reply, completion ACK, snapshot, Stop. Excluded: connection establishment, authentication, sockets, inbound wire decode, OSD processing, backoff delays. MB/s counts outbound application payload across message sends, not control/wire bytes.
BenchmarkPerformanceSubmissionReplay/secure/bytes=4096/initial-10                	    3582	     34737 ns/op	 117.92 MB/s	         1.000 message-sends/op	         1.000 requests/op	   36863 B/op	     117 allocs/op
--- BENCH: BenchmarkPerformanceSubmissionReplay/secure/bytes=4096/initial-10
    performance_baseline_test.go:301: One op is a complete request lifecycle. Timed: codec/session/fixture creation, actual Session.Submit admission copy, pumps, EncodeMessage, real CRC/AEAD wire encode, peer decode/send validation, optional channel-forced fault + reconnect control + replay, small injected reply, completion ACK, snapshot, Stop. Excluded: connection establishment, authentication, sockets, inbound wire decode, OSD processing, backoff delays. MB/s counts outbound application payload across message sends, not control/wire bytes.
BenchmarkPerformanceSubmissionReplay/secure/bytes=4096/initial-10                	    3310	     35044 ns/op	 116.88 MB/s	         1.000 message-sends/op	         1.000 requests/op	   36857 B/op	     117 allocs/op
--- BENCH: BenchmarkPerformanceSubmissionReplay/secure/bytes=4096/initial-10
    performance_baseline_test.go:301: One op is a complete request lifecycle. Timed: codec/session/fixture creation, actual Session.Submit admission copy, pumps, EncodeMessage, real CRC/AEAD wire encode, peer decode/send validation, optional channel-forced fault + reconnect control + replay, small injected reply, completion ACK, snapshot, Stop. Excluded: connection establishment, authentication, sockets, inbound wire decode, OSD processing, backoff delays. MB/s counts outbound application payload across message sends, not control/wire bytes.
BenchmarkPerformanceSubmissionReplay/secure/bytes=4096/initial-10                	    3634	     34324 ns/op	 119.33 MB/s	         1.000 message-sends/op	         1.000 requests/op	   36859 B/op	     117 allocs/op
--- BENCH: BenchmarkPerformanceSubmissionReplay/secure/bytes=4096/initial-10
    performance_baseline_test.go:301: One op is a complete request lifecycle. Timed: codec/session/fixture creation, actual Session.Submit admission copy, pumps, EncodeMessage, real CRC/AEAD wire encode, peer decode/send validation, optional channel-forced fault + reconnect control + replay, small injected reply, completion ACK, snapshot, Stop. Excluded: connection establishment, authentication, sockets, inbound wire decode, OSD processing, backoff delays. MB/s counts outbound application payload across message sends, not control/wire bytes.
BenchmarkPerformanceSubmissionReplay/secure/bytes=4096/initial+replay-10         	    2298	     58328 ns/op	 140.45 MB/s	         2.000 message-sends/op	         1.000 requests/op	   58383 B/op	     185 allocs/op
--- BENCH: BenchmarkPerformanceSubmissionReplay/secure/bytes=4096/initial+replay-10
    performance_baseline_test.go:301: One op is a complete request lifecycle. Timed: codec/session/fixture creation, actual Session.Submit admission copy, pumps, EncodeMessage, real CRC/AEAD wire encode, peer decode/send validation, optional channel-forced fault + reconnect control + replay, small injected reply, completion ACK, snapshot, Stop. Excluded: connection establishment, authentication, sockets, inbound wire decode, OSD processing, backoff delays. MB/s counts outbound application payload across message sends, not control/wire bytes.
BenchmarkPerformanceSubmissionReplay/secure/bytes=4096/initial+replay-10         	    2049	     58174 ns/op	 140.82 MB/s	         2.000 message-sends/op	         1.000 requests/op	   58374 B/op	     185 allocs/op
--- BENCH: BenchmarkPerformanceSubmissionReplay/secure/bytes=4096/initial+replay-10
    performance_baseline_test.go:301: One op is a complete request lifecycle. Timed: codec/session/fixture creation, actual Session.Submit admission copy, pumps, EncodeMessage, real CRC/AEAD wire encode, peer decode/send validation, optional channel-forced fault + reconnect control + replay, small injected reply, completion ACK, snapshot, Stop. Excluded: connection establishment, authentication, sockets, inbound wire decode, OSD processing, backoff delays. MB/s counts outbound application payload across message sends, not control/wire bytes.
BenchmarkPerformanceSubmissionReplay/secure/bytes=4096/initial+replay-10         	    2311	     56818 ns/op	 144.18 MB/s	         2.000 message-sends/op	         1.000 requests/op	   58373 B/op	     185 allocs/op
--- BENCH: BenchmarkPerformanceSubmissionReplay/secure/bytes=4096/initial+replay-10
    performance_baseline_test.go:301: One op is a complete request lifecycle. Timed: codec/session/fixture creation, actual Session.Submit admission copy, pumps, EncodeMessage, real CRC/AEAD wire encode, peer decode/send validation, optional channel-forced fault + reconnect control + replay, small injected reply, completion ACK, snapshot, Stop. Excluded: connection establishment, authentication, sockets, inbound wire decode, OSD processing, backoff delays. MB/s counts outbound application payload across message sends, not control/wire bytes.
BenchmarkPerformanceSubmissionReplay/secure/bytes=4096/initial+replay-10         	    2074	     55669 ns/op	 147.15 MB/s	         2.000 message-sends/op	         1.000 requests/op	   58390 B/op	     185 allocs/op
--- BENCH: BenchmarkPerformanceSubmissionReplay/secure/bytes=4096/initial+replay-10
    performance_baseline_test.go:301: One op is a complete request lifecycle. Timed: codec/session/fixture creation, actual Session.Submit admission copy, pumps, EncodeMessage, real CRC/AEAD wire encode, peer decode/send validation, optional channel-forced fault + reconnect control + replay, small injected reply, completion ACK, snapshot, Stop. Excluded: connection establishment, authentication, sockets, inbound wire decode, OSD processing, backoff delays. MB/s counts outbound application payload across message sends, not control/wire bytes.
BenchmarkPerformanceSubmissionReplay/secure/bytes=4096/initial+replay-10         	    2084	     55318 ns/op	 148.09 MB/s	         2.000 message-sends/op	         1.000 requests/op	   58378 B/op	     185 allocs/op
--- BENCH: BenchmarkPerformanceSubmissionReplay/secure/bytes=4096/initial+replay-10
    performance_baseline_test.go:301: One op is a complete request lifecycle. Timed: codec/session/fixture creation, actual Session.Submit admission copy, pumps, EncodeMessage, real CRC/AEAD wire encode, peer decode/send validation, optional channel-forced fault + reconnect control + replay, small injected reply, completion ACK, snapshot, Stop. Excluded: connection establishment, authentication, sockets, inbound wire decode, OSD processing, backoff delays. MB/s counts outbound application payload across message sends, not control/wire bytes.
BenchmarkPerformanceSubmissionReplay/secure/bytes=65536/initial-10               	    1064	    102003 ns/op	 642.49 MB/s	         1.000 message-sends/op	         1.000 requests/op	  297517 B/op	     117 allocs/op
--- BENCH: BenchmarkPerformanceSubmissionReplay/secure/bytes=65536/initial-10
    performance_baseline_test.go:301: One op is a complete request lifecycle. Timed: codec/session/fixture creation, actual Session.Submit admission copy, pumps, EncodeMessage, real CRC/AEAD wire encode, peer decode/send validation, optional channel-forced fault + reconnect control + replay, small injected reply, completion ACK, snapshot, Stop. Excluded: connection establishment, authentication, sockets, inbound wire decode, OSD processing, backoff delays. MB/s counts outbound application payload across message sends, not control/wire bytes.
BenchmarkPerformanceSubmissionReplay/secure/bytes=65536/initial-10               	    1030	    105425 ns/op	 621.64 MB/s	         1.000 message-sends/op	         1.000 requests/op	  297503 B/op	     117 allocs/op
--- BENCH: BenchmarkPerformanceSubmissionReplay/secure/bytes=65536/initial-10
    performance_baseline_test.go:301: One op is a complete request lifecycle. Timed: codec/session/fixture creation, actual Session.Submit admission copy, pumps, EncodeMessage, real CRC/AEAD wire encode, peer decode/send validation, optional channel-forced fault + reconnect control + replay, small injected reply, completion ACK, snapshot, Stop. Excluded: connection establishment, authentication, sockets, inbound wire decode, OSD processing, backoff delays. MB/s counts outbound application payload across message sends, not control/wire bytes.
BenchmarkPerformanceSubmissionReplay/secure/bytes=65536/initial-10               	    1232	    108266 ns/op	 605.32 MB/s	         1.000 message-sends/op	         1.000 requests/op	  297505 B/op	     117 allocs/op
--- BENCH: BenchmarkPerformanceSubmissionReplay/secure/bytes=65536/initial-10
    performance_baseline_test.go:301: One op is a complete request lifecycle. Timed: codec/session/fixture creation, actual Session.Submit admission copy, pumps, EncodeMessage, real CRC/AEAD wire encode, peer decode/send validation, optional channel-forced fault + reconnect control + replay, small injected reply, completion ACK, snapshot, Stop. Excluded: connection establishment, authentication, sockets, inbound wire decode, OSD processing, backoff delays. MB/s counts outbound application payload across message sends, not control/wire bytes.
BenchmarkPerformanceSubmissionReplay/secure/bytes=65536/initial-10               	    1112	    107888 ns/op	 607.44 MB/s	         1.000 message-sends/op	         1.000 requests/op	  297497 B/op	     117 allocs/op
--- BENCH: BenchmarkPerformanceSubmissionReplay/secure/bytes=65536/initial-10
    performance_baseline_test.go:301: One op is a complete request lifecycle. Timed: codec/session/fixture creation, actual Session.Submit admission copy, pumps, EncodeMessage, real CRC/AEAD wire encode, peer decode/send validation, optional channel-forced fault + reconnect control + replay, small injected reply, completion ACK, snapshot, Stop. Excluded: connection establishment, authentication, sockets, inbound wire decode, OSD processing, backoff delays. MB/s counts outbound application payload across message sends, not control/wire bytes.
BenchmarkPerformanceSubmissionReplay/secure/bytes=65536/initial-10               	    1112	    111655 ns/op	 586.95 MB/s	         1.000 message-sends/op	         1.000 requests/op	  297513 B/op	     117 allocs/op
--- BENCH: BenchmarkPerformanceSubmissionReplay/secure/bytes=65536/initial-10
    performance_baseline_test.go:301: One op is a complete request lifecycle. Timed: codec/session/fixture creation, actual Session.Submit admission copy, pumps, EncodeMessage, real CRC/AEAD wire encode, peer decode/send validation, optional channel-forced fault + reconnect control + replay, small injected reply, completion ACK, snapshot, Stop. Excluded: connection establishment, authentication, sockets, inbound wire decode, OSD processing, backoff delays. MB/s counts outbound application payload across message sends, not control/wire bytes.
BenchmarkPerformanceSubmissionReplay/secure/bytes=65536/initial+replay-10        	     667	    189405 ns/op	 692.02 MB/s	         2.000 message-sends/op	         1.000 requests/op	  518227 B/op	     185 allocs/op
--- BENCH: BenchmarkPerformanceSubmissionReplay/secure/bytes=65536/initial+replay-10
    performance_baseline_test.go:301: One op is a complete request lifecycle. Timed: codec/session/fixture creation, actual Session.Submit admission copy, pumps, EncodeMessage, real CRC/AEAD wire encode, peer decode/send validation, optional channel-forced fault + reconnect control + replay, small injected reply, completion ACK, snapshot, Stop. Excluded: connection establishment, authentication, sockets, inbound wire decode, OSD processing, backoff delays. MB/s counts outbound application payload across message sends, not control/wire bytes.
BenchmarkPerformanceSubmissionReplay/secure/bytes=65536/initial+replay-10        	     618	    188027 ns/op	 697.09 MB/s	         2.000 message-sends/op	         1.000 requests/op	  518197 B/op	     185 allocs/op
--- BENCH: BenchmarkPerformanceSubmissionReplay/secure/bytes=65536/initial+replay-10
    performance_baseline_test.go:301: One op is a complete request lifecycle. Timed: codec/session/fixture creation, actual Session.Submit admission copy, pumps, EncodeMessage, real CRC/AEAD wire encode, peer decode/send validation, optional channel-forced fault + reconnect control + replay, small injected reply, completion ACK, snapshot, Stop. Excluded: connection establishment, authentication, sockets, inbound wire decode, OSD processing, backoff delays. MB/s counts outbound application payload across message sends, not control/wire bytes.
BenchmarkPerformanceSubmissionReplay/secure/bytes=65536/initial+replay-10        	     696	    188166 ns/op	 696.58 MB/s	         2.000 message-sends/op	         1.000 requests/op	  518215 B/op	     185 allocs/op
--- BENCH: BenchmarkPerformanceSubmissionReplay/secure/bytes=65536/initial+replay-10
    performance_baseline_test.go:301: One op is a complete request lifecycle. Timed: codec/session/fixture creation, actual Session.Submit admission copy, pumps, EncodeMessage, real CRC/AEAD wire encode, peer decode/send validation, optional channel-forced fault + reconnect control + replay, small injected reply, completion ACK, snapshot, Stop. Excluded: connection establishment, authentication, sockets, inbound wire decode, OSD processing, backoff delays. MB/s counts outbound application payload across message sends, not control/wire bytes.
BenchmarkPerformanceSubmissionReplay/secure/bytes=65536/initial+replay-10        	     632	    181546 ns/op	 721.98 MB/s	         2.000 message-sends/op	         1.000 requests/op	  518207 B/op	     185 allocs/op
--- BENCH: BenchmarkPerformanceSubmissionReplay/secure/bytes=65536/initial+replay-10
    performance_baseline_test.go:301: One op is a complete request lifecycle. Timed: codec/session/fixture creation, actual Session.Submit admission copy, pumps, EncodeMessage, real CRC/AEAD wire encode, peer decode/send validation, optional channel-forced fault + reconnect control + replay, small injected reply, completion ACK, snapshot, Stop. Excluded: connection establishment, authentication, sockets, inbound wire decode, OSD processing, backoff delays. MB/s counts outbound application payload across message sends, not control/wire bytes.
BenchmarkPerformanceSubmissionReplay/secure/bytes=65536/initial+replay-10        	     658	    189020 ns/op	 693.43 MB/s	         2.000 message-sends/op	         1.000 requests/op	  518214 B/op	     185 allocs/op
--- BENCH: BenchmarkPerformanceSubmissionReplay/secure/bytes=65536/initial+replay-10
    performance_baseline_test.go:301: One op is a complete request lifecycle. Timed: codec/session/fixture creation, actual Session.Submit admission copy, pumps, EncodeMessage, real CRC/AEAD wire encode, peer decode/send validation, optional channel-forced fault + reconnect control + replay, small injected reply, completion ACK, snapshot, Stop. Excluded: connection establishment, authentication, sockets, inbound wire decode, OSD processing, backoff delays. MB/s counts outbound application payload across message sends, not control/wire bytes.
BenchmarkPerformanceSubmissionReplay/secure/bytes=4194304/initial-10             	      49	   2422391 ns/op	1731.47 MB/s	         1.000 message-sends/op	         1.000 requests/op	16812535 B/op	     117 allocs/op
--- BENCH: BenchmarkPerformanceSubmissionReplay/secure/bytes=4194304/initial-10
    performance_baseline_test.go:301: One op is a complete request lifecycle. Timed: codec/session/fixture creation, actual Session.Submit admission copy, pumps, EncodeMessage, real CRC/AEAD wire encode, peer decode/send validation, optional channel-forced fault + reconnect control + replay, small injected reply, completion ACK, snapshot, Stop. Excluded: connection establishment, authentication, sockets, inbound wire decode, OSD processing, backoff delays. MB/s counts outbound application payload across message sends, not control/wire bytes.
BenchmarkPerformanceSubmissionReplay/secure/bytes=4194304/initial-10             	      44	   2348770 ns/op	1785.74 MB/s	         1.000 message-sends/op	         1.000 requests/op	16812616 B/op	     117 allocs/op
--- BENCH: BenchmarkPerformanceSubmissionReplay/secure/bytes=4194304/initial-10
    performance_baseline_test.go:301: One op is a complete request lifecycle. Timed: codec/session/fixture creation, actual Session.Submit admission copy, pumps, EncodeMessage, real CRC/AEAD wire encode, peer decode/send validation, optional channel-forced fault + reconnect control + replay, small injected reply, completion ACK, snapshot, Stop. Excluded: connection establishment, authentication, sockets, inbound wire decode, OSD processing, backoff delays. MB/s counts outbound application payload across message sends, not control/wire bytes.
BenchmarkPerformanceSubmissionReplay/secure/bytes=4194304/initial-10             	      48	   2495037 ns/op	1681.06 MB/s	         1.000 message-sends/op	         1.000 requests/op	16812710 B/op	     118 allocs/op
--- BENCH: BenchmarkPerformanceSubmissionReplay/secure/bytes=4194304/initial-10
    performance_baseline_test.go:301: One op is a complete request lifecycle. Timed: codec/session/fixture creation, actual Session.Submit admission copy, pumps, EncodeMessage, real CRC/AEAD wire encode, peer decode/send validation, optional channel-forced fault + reconnect control + replay, small injected reply, completion ACK, snapshot, Stop. Excluded: connection establishment, authentication, sockets, inbound wire decode, OSD processing, backoff delays. MB/s counts outbound application payload across message sends, not control/wire bytes.
BenchmarkPerformanceSubmissionReplay/secure/bytes=4194304/initial-10             	      52	   2483179 ns/op	1689.09 MB/s	         1.000 message-sends/op	         1.000 requests/op	16812712 B/op	     118 allocs/op
--- BENCH: BenchmarkPerformanceSubmissionReplay/secure/bytes=4194304/initial-10
    performance_baseline_test.go:301: One op is a complete request lifecycle. Timed: codec/session/fixture creation, actual Session.Submit admission copy, pumps, EncodeMessage, real CRC/AEAD wire encode, peer decode/send validation, optional channel-forced fault + reconnect control + replay, small injected reply, completion ACK, snapshot, Stop. Excluded: connection establishment, authentication, sockets, inbound wire decode, OSD processing, backoff delays. MB/s counts outbound application payload across message sends, not control/wire bytes.
BenchmarkPerformanceSubmissionReplay/secure/bytes=4194304/initial-10             	      49	   2530707 ns/op	1657.36 MB/s	         1.000 message-sends/op	         1.000 requests/op	16812608 B/op	     117 allocs/op
--- BENCH: BenchmarkPerformanceSubmissionReplay/secure/bytes=4194304/initial-10
    performance_baseline_test.go:301: One op is a complete request lifecycle. Timed: codec/session/fixture creation, actual Session.Submit admission copy, pumps, EncodeMessage, real CRC/AEAD wire encode, peer decode/send validation, optional channel-forced fault + reconnect control + replay, small injected reply, completion ACK, snapshot, Stop. Excluded: connection establishment, authentication, sockets, inbound wire decode, OSD processing, backoff delays. MB/s counts outbound application payload across message sends, not control/wire bytes.
BenchmarkPerformanceSubmissionReplay/secure/bytes=4194304/initial+replay-10      	      26	   4724865 ns/op	1775.42 MB/s	         2.000 message-sends/op	         1.000 requests/op	29419622 B/op	     185 allocs/op
--- BENCH: BenchmarkPerformanceSubmissionReplay/secure/bytes=4194304/initial+replay-10
    performance_baseline_test.go:301: One op is a complete request lifecycle. Timed: codec/session/fixture creation, actual Session.Submit admission copy, pumps, EncodeMessage, real CRC/AEAD wire encode, peer decode/send validation, optional channel-forced fault + reconnect control + replay, small injected reply, completion ACK, snapshot, Stop. Excluded: connection establishment, authentication, sockets, inbound wire decode, OSD processing, backoff delays. MB/s counts outbound application payload across message sends, not control/wire bytes.
BenchmarkPerformanceSubmissionReplay/secure/bytes=4194304/initial+replay-10      	      26	   4934255 ns/op	1700.08 MB/s	         2.000 message-sends/op	         1.000 requests/op	29419595 B/op	     185 allocs/op
--- BENCH: BenchmarkPerformanceSubmissionReplay/secure/bytes=4194304/initial+replay-10
    performance_baseline_test.go:301: One op is a complete request lifecycle. Timed: codec/session/fixture creation, actual Session.Submit admission copy, pumps, EncodeMessage, real CRC/AEAD wire encode, peer decode/send validation, optional channel-forced fault + reconnect control + replay, small injected reply, completion ACK, snapshot, Stop. Excluded: connection establishment, authentication, sockets, inbound wire decode, OSD processing, backoff delays. MB/s counts outbound application payload across message sends, not control/wire bytes.
BenchmarkPerformanceSubmissionReplay/secure/bytes=4194304/initial+replay-10      	      26	   4810958 ns/op	1743.65 MB/s	         2.000 message-sends/op	         1.000 requests/op	29419786 B/op	     187 allocs/op
--- BENCH: BenchmarkPerformanceSubmissionReplay/secure/bytes=4194304/initial+replay-10
    performance_baseline_test.go:301: One op is a complete request lifecycle. Timed: codec/session/fixture creation, actual Session.Submit admission copy, pumps, EncodeMessage, real CRC/AEAD wire encode, peer decode/send validation, optional channel-forced fault + reconnect control + replay, small injected reply, completion ACK, snapshot, Stop. Excluded: connection establishment, authentication, sockets, inbound wire decode, OSD processing, backoff delays. MB/s counts outbound application payload across message sends, not control/wire bytes.
BenchmarkPerformanceSubmissionReplay/secure/bytes=4194304/initial+replay-10      	      25	   4776270 ns/op	1756.31 MB/s	         2.000 message-sends/op	         1.000 requests/op	29419550 B/op	     185 allocs/op
--- BENCH: BenchmarkPerformanceSubmissionReplay/secure/bytes=4194304/initial+replay-10
    performance_baseline_test.go:301: One op is a complete request lifecycle. Timed: codec/session/fixture creation, actual Session.Submit admission copy, pumps, EncodeMessage, real CRC/AEAD wire encode, peer decode/send validation, optional channel-forced fault + reconnect control + replay, small injected reply, completion ACK, snapshot, Stop. Excluded: connection establishment, authentication, sockets, inbound wire decode, OSD processing, backoff delays. MB/s counts outbound application payload across message sends, not control/wire bytes.
BenchmarkPerformanceSubmissionReplay/secure/bytes=4194304/initial+replay-10      	      25	   4601687 ns/op	1822.94 MB/s	         2.000 message-sends/op	         1.000 requests/op	29419622 B/op	     185 allocs/op
--- BENCH: BenchmarkPerformanceSubmissionReplay/secure/bytes=4194304/initial+replay-10
    performance_baseline_test.go:301: One op is a complete request lifecycle. Timed: codec/session/fixture creation, actual Session.Submit admission copy, pumps, EncodeMessage, real CRC/AEAD wire encode, peer decode/send validation, optional channel-forced fault + reconnect control + replay, small injected reply, completion ACK, snapshot, Stop. Excluded: connection establishment, authentication, sockets, inbound wire decode, OSD processing, backoff delays. MB/s counts outbound application payload across message sends, not control/wire bytes.
BenchmarkPerformanceIdleConnections/crc/connections=1-10                         	    1214	     86696 ns/op	         1.000 connections/op	    524288 reader-B/batch	    540376 retained-heap-B/batch	  543603 B/op	      52 allocs/op
--- BENCH: BenchmarkPerformanceIdleConnections/crc/connections=1-10
    performance_baseline_test.go:398: One op constructs, readies, snapshots, and stops a full idle connection batch: built-in 512KiB reader, codec and Session config(queue/in-flight=64,event-buffer=64), pumps plus channel-backed net.Conn. No sockets/connect/auth. B/op measures lifecycle allocations including fixture/synchronization. retained-heap-B/batch is a separate post-GC live HeapAlloc delta with fixtures kept alive; includes fixture/runtime heap noise, no harness subtraction; excludes stack-in-use and OS/RSS.
BenchmarkPerformanceIdleConnections/crc/connections=1-10                         	    1459	     85637 ns/op	         1.000 connections/op	    524288 reader-B/batch	    540376 retained-heap-B/batch	  543565 B/op	      51 allocs/op
--- BENCH: BenchmarkPerformanceIdleConnections/crc/connections=1-10
    performance_baseline_test.go:398: One op constructs, readies, snapshots, and stops a full idle connection batch: built-in 512KiB reader, codec and Session config(queue/in-flight=64,event-buffer=64), pumps plus channel-backed net.Conn. No sockets/connect/auth. B/op measures lifecycle allocations including fixture/synchronization. retained-heap-B/batch is a separate post-GC live HeapAlloc delta with fixtures kept alive; includes fixture/runtime heap noise, no harness subtraction; excludes stack-in-use and OS/RSS.
BenchmarkPerformanceIdleConnections/crc/connections=1-10                         	    1453	     80608 ns/op	         1.000 connections/op	    524288 reader-B/batch	    540376 retained-heap-B/batch	  543574 B/op	      51 allocs/op
--- BENCH: BenchmarkPerformanceIdleConnections/crc/connections=1-10
    performance_baseline_test.go:398: One op constructs, readies, snapshots, and stops a full idle connection batch: built-in 512KiB reader, codec and Session config(queue/in-flight=64,event-buffer=64), pumps plus channel-backed net.Conn. No sockets/connect/auth. B/op measures lifecycle allocations including fixture/synchronization. retained-heap-B/batch is a separate post-GC live HeapAlloc delta with fixtures kept alive; includes fixture/runtime heap noise, no harness subtraction; excludes stack-in-use and OS/RSS.
BenchmarkPerformanceIdleConnections/crc/connections=1-10                         	    1500	     83397 ns/op	         1.000 connections/op	    524288 reader-B/batch	    540376 retained-heap-B/batch	  543581 B/op	      51 allocs/op
--- BENCH: BenchmarkPerformanceIdleConnections/crc/connections=1-10
    performance_baseline_test.go:398: One op constructs, readies, snapshots, and stops a full idle connection batch: built-in 512KiB reader, codec and Session config(queue/in-flight=64,event-buffer=64), pumps plus channel-backed net.Conn. No sockets/connect/auth. B/op measures lifecycle allocations including fixture/synchronization. retained-heap-B/batch is a separate post-GC live HeapAlloc delta with fixtures kept alive; includes fixture/runtime heap noise, no harness subtraction; excludes stack-in-use and OS/RSS.
BenchmarkPerformanceIdleConnections/crc/connections=1-10                         	    1347	     83875 ns/op	         1.000 connections/op	    524288 reader-B/batch	    540248 retained-heap-B/batch	  543565 B/op	      51 allocs/op
--- BENCH: BenchmarkPerformanceIdleConnections/crc/connections=1-10
    performance_baseline_test.go:398: One op constructs, readies, snapshots, and stops a full idle connection batch: built-in 512KiB reader, codec and Session config(queue/in-flight=64,event-buffer=64), pumps plus channel-backed net.Conn. No sockets/connect/auth. B/op measures lifecycle allocations including fixture/synchronization. retained-heap-B/batch is a separate post-GC live HeapAlloc delta with fixtures kept alive; includes fixture/runtime heap noise, no harness subtraction; excludes stack-in-use and OS/RSS.
BenchmarkPerformanceIdleConnections/crc/connections=16-10                        	     121	    980256 ns/op	        16.00 connections/op	   8388608 reader-B/batch	   8675720 retained-heap-B/batch	 8689236 B/op	     718 allocs/op
--- BENCH: BenchmarkPerformanceIdleConnections/crc/connections=16-10
    performance_baseline_test.go:398: One op constructs, readies, snapshots, and stops a full idle connection batch: built-in 512KiB reader, codec and Session config(queue/in-flight=64,event-buffer=64), pumps plus channel-backed net.Conn. No sockets/connect/auth. B/op measures lifecycle allocations including fixture/synchronization. retained-heap-B/batch is a separate post-GC live HeapAlloc delta with fixtures kept alive; includes fixture/runtime heap noise, no harness subtraction; excludes stack-in-use and OS/RSS.
BenchmarkPerformanceIdleConnections/crc/connections=16-10                        	     134	    925495 ns/op	        16.00 connections/op	   8388608 reader-B/batch	   8671480 retained-heap-B/batch	 8689465 B/op	     720 allocs/op
--- BENCH: BenchmarkPerformanceIdleConnections/crc/connections=16-10
    performance_baseline_test.go:398: One op constructs, readies, snapshots, and stops a full idle connection batch: built-in 512KiB reader, codec and Session config(queue/in-flight=64,event-buffer=64), pumps plus channel-backed net.Conn. No sockets/connect/auth. B/op measures lifecycle allocations including fixture/synchronization. retained-heap-B/batch is a separate post-GC live HeapAlloc delta with fixtures kept alive; includes fixture/runtime heap noise, no harness subtraction; excludes stack-in-use and OS/RSS.
BenchmarkPerformanceIdleConnections/crc/connections=16-10                        	     135	    835031 ns/op	        16.00 connections/op	   8388608 reader-B/batch	   8673736 retained-heap-B/batch	 8688933 B/op	     716 allocs/op
--- BENCH: BenchmarkPerformanceIdleConnections/crc/connections=16-10
    performance_baseline_test.go:398: One op constructs, readies, snapshots, and stops a full idle connection batch: built-in 512KiB reader, codec and Session config(queue/in-flight=64,event-buffer=64), pumps plus channel-backed net.Conn. No sockets/connect/auth. B/op measures lifecycle allocations including fixture/synchronization. retained-heap-B/batch is a separate post-GC live HeapAlloc delta with fixtures kept alive; includes fixture/runtime heap noise, no harness subtraction; excludes stack-in-use and OS/RSS.
BenchmarkPerformanceIdleConnections/crc/connections=16-10                        	     146	    857736 ns/op	        16.00 connections/op	   8388608 reader-B/batch	   8675160 retained-heap-B/batch	 8689130 B/op	     717 allocs/op
--- BENCH: BenchmarkPerformanceIdleConnections/crc/connections=16-10
    performance_baseline_test.go:398: One op constructs, readies, snapshots, and stops a full idle connection batch: built-in 512KiB reader, codec and Session config(queue/in-flight=64,event-buffer=64), pumps plus channel-backed net.Conn. No sockets/connect/auth. B/op measures lifecycle allocations including fixture/synchronization. retained-heap-B/batch is a separate post-GC live HeapAlloc delta with fixtures kept alive; includes fixture/runtime heap noise, no harness subtraction; excludes stack-in-use and OS/RSS.
BenchmarkPerformanceIdleConnections/crc/connections=16-10                        	     146	    854941 ns/op	        16.00 connections/op	   8388608 reader-B/batch	   8671352 retained-heap-B/batch	 8689264 B/op	     718 allocs/op
--- BENCH: BenchmarkPerformanceIdleConnections/crc/connections=16-10
    performance_baseline_test.go:398: One op constructs, readies, snapshots, and stops a full idle connection batch: built-in 512KiB reader, codec and Session config(queue/in-flight=64,event-buffer=64), pumps plus channel-backed net.Conn. No sockets/connect/auth. B/op measures lifecycle allocations including fixture/synchronization. retained-heap-B/batch is a separate post-GC live HeapAlloc delta with fixtures kept alive; includes fixture/runtime heap noise, no harness subtraction; excludes stack-in-use and OS/RSS.
BenchmarkPerformanceIdleConnections/crc/connections=128-10                       	      40	   4478685 ns/op	       128.0 connections/op	  67108864 reader-B/batch	  69629992 retained-heap-B/batch	69533959 B/op	    5942 allocs/op
--- BENCH: BenchmarkPerformanceIdleConnections/crc/connections=128-10
    performance_baseline_test.go:398: One op constructs, readies, snapshots, and stops a full idle connection batch: built-in 512KiB reader, codec and Session config(queue/in-flight=64,event-buffer=64), pumps plus channel-backed net.Conn. No sockets/connect/auth. B/op measures lifecycle allocations including fixture/synchronization. retained-heap-B/batch is a separate post-GC live HeapAlloc delta with fixtures kept alive; includes fixture/runtime heap noise, no harness subtraction; excludes stack-in-use and OS/RSS.
BenchmarkPerformanceIdleConnections/crc/connections=128-10                       	      25	   4504125 ns/op	       128.0 connections/op	  67108864 reader-B/batch	  69502408 retained-heap-B/batch	69537379 B/op	    5979 allocs/op
--- BENCH: BenchmarkPerformanceIdleConnections/crc/connections=128-10
    performance_baseline_test.go:398: One op constructs, readies, snapshots, and stops a full idle connection batch: built-in 512KiB reader, codec and Session config(queue/in-flight=64,event-buffer=64), pumps plus channel-backed net.Conn. No sockets/connect/auth. B/op measures lifecycle allocations including fixture/synchronization. retained-heap-B/batch is a separate post-GC live HeapAlloc delta with fixtures kept alive; includes fixture/runtime heap noise, no harness subtraction; excludes stack-in-use and OS/RSS.
BenchmarkPerformanceIdleConnections/crc/connections=128-10                       	      25	   4514632 ns/op	       128.0 connections/op	  67108864 reader-B/batch	  69509144 retained-heap-B/batch	69533996 B/op	    5949 allocs/op
--- BENCH: BenchmarkPerformanceIdleConnections/crc/connections=128-10
    performance_baseline_test.go:398: One op constructs, readies, snapshots, and stops a full idle connection batch: built-in 512KiB reader, codec and Session config(queue/in-flight=64,event-buffer=64), pumps plus channel-backed net.Conn. No sockets/connect/auth. B/op measures lifecycle allocations including fixture/synchronization. retained-heap-B/batch is a separate post-GC live HeapAlloc delta with fixtures kept alive; includes fixture/runtime heap noise, no harness subtraction; excludes stack-in-use and OS/RSS.
BenchmarkPerformanceIdleConnections/crc/connections=128-10                       	      25	   4794182 ns/op	       128.0 connections/op	  67108864 reader-B/batch	  69506952 retained-heap-B/batch	69531425 B/op	    5926 allocs/op
--- BENCH: BenchmarkPerformanceIdleConnections/crc/connections=128-10
    performance_baseline_test.go:398: One op constructs, readies, snapshots, and stops a full idle connection batch: built-in 512KiB reader, codec and Session config(queue/in-flight=64,event-buffer=64), pumps plus channel-backed net.Conn. No sockets/connect/auth. B/op measures lifecycle allocations including fixture/synchronization. retained-heap-B/batch is a separate post-GC live HeapAlloc delta with fixtures kept alive; includes fixture/runtime heap noise, no harness subtraction; excludes stack-in-use and OS/RSS.
BenchmarkPerformanceIdleConnections/crc/connections=128-10                       	      24	   4725023 ns/op	       128.0 connections/op	  67108864 reader-B/batch	  69504696 retained-heap-B/batch	69539468 B/op	    5995 allocs/op
--- BENCH: BenchmarkPerformanceIdleConnections/crc/connections=128-10
    performance_baseline_test.go:398: One op constructs, readies, snapshots, and stops a full idle connection batch: built-in 512KiB reader, codec and Session config(queue/in-flight=64,event-buffer=64), pumps plus channel-backed net.Conn. No sockets/connect/auth. B/op measures lifecycle allocations including fixture/synchronization. retained-heap-B/batch is a separate post-GC live HeapAlloc delta with fixtures kept alive; includes fixture/runtime heap noise, no harness subtraction; excludes stack-in-use and OS/RSS.
BenchmarkPerformanceIdleConnections/secure/connections=1-10                      	    1195	    101247 ns/op	         1.000 connections/op	    524288 reader-B/batch	    543656 retained-heap-B/batch	  546324 B/op	      58 allocs/op
--- BENCH: BenchmarkPerformanceIdleConnections/secure/connections=1-10
    performance_baseline_test.go:398: One op constructs, readies, snapshots, and stops a full idle connection batch: built-in 512KiB reader, codec and Session config(queue/in-flight=64,event-buffer=64), pumps plus channel-backed net.Conn. No sockets/connect/auth. B/op measures lifecycle allocations including fixture/synchronization. retained-heap-B/batch is a separate post-GC live HeapAlloc delta with fixtures kept alive; includes fixture/runtime heap noise, no harness subtraction; excludes stack-in-use and OS/RSS.
BenchmarkPerformanceIdleConnections/secure/connections=1-10                      	    1167	     97139 ns/op	         1.000 connections/op	    524288 reader-B/batch	    541960 retained-heap-B/batch	  546347 B/op	      59 allocs/op
--- BENCH: BenchmarkPerformanceIdleConnections/secure/connections=1-10
    performance_baseline_test.go:398: One op constructs, readies, snapshots, and stops a full idle connection batch: built-in 512KiB reader, codec and Session config(queue/in-flight=64,event-buffer=64), pumps plus channel-backed net.Conn. No sockets/connect/auth. B/op measures lifecycle allocations including fixture/synchronization. retained-heap-B/batch is a separate post-GC live HeapAlloc delta with fixtures kept alive; includes fixture/runtime heap noise, no harness subtraction; excludes stack-in-use and OS/RSS.
BenchmarkPerformanceIdleConnections/secure/connections=1-10                      	    1077	     98674 ns/op	         1.000 connections/op	    524288 reader-B/batch	    541576 retained-heap-B/batch	  546358 B/op	      59 allocs/op
--- BENCH: BenchmarkPerformanceIdleConnections/secure/connections=1-10
    performance_baseline_test.go:398: One op constructs, readies, snapshots, and stops a full idle connection batch: built-in 512KiB reader, codec and Session config(queue/in-flight=64,event-buffer=64), pumps plus channel-backed net.Conn. No sockets/connect/auth. B/op measures lifecycle allocations including fixture/synchronization. retained-heap-B/batch is a separate post-GC live HeapAlloc delta with fixtures kept alive; includes fixture/runtime heap noise, no harness subtraction; excludes stack-in-use and OS/RSS.
BenchmarkPerformanceIdleConnections/secure/connections=1-10                      	    1266	     98263 ns/op	         1.000 connections/op	    524288 reader-B/batch	    542088 retained-heap-B/batch	  546350 B/op	      59 allocs/op
--- BENCH: BenchmarkPerformanceIdleConnections/secure/connections=1-10
    performance_baseline_test.go:398: One op constructs, readies, snapshots, and stops a full idle connection batch: built-in 512KiB reader, codec and Session config(queue/in-flight=64,event-buffer=64), pumps plus channel-backed net.Conn. No sockets/connect/auth. B/op measures lifecycle allocations including fixture/synchronization. retained-heap-B/batch is a separate post-GC live HeapAlloc delta with fixtures kept alive; includes fixture/runtime heap noise, no harness subtraction; excludes stack-in-use and OS/RSS.
BenchmarkPerformanceIdleConnections/secure/connections=1-10                      	    1219	     96811 ns/op	         1.000 connections/op	    524288 reader-B/batch	    541944 retained-heap-B/batch	  546339 B/op	      58 allocs/op
--- BENCH: BenchmarkPerformanceIdleConnections/secure/connections=1-10
    performance_baseline_test.go:398: One op constructs, readies, snapshots, and stops a full idle connection batch: built-in 512KiB reader, codec and Session config(queue/in-flight=64,event-buffer=64), pumps plus channel-backed net.Conn. No sockets/connect/auth. B/op measures lifecycle allocations including fixture/synchronization. retained-heap-B/batch is a separate post-GC live HeapAlloc delta with fixtures kept alive; includes fixture/runtime heap noise, no harness subtraction; excludes stack-in-use and OS/RSS.
BenchmarkPerformanceIdleConnections/secure/connections=16-10                     	     127	    933358 ns/op	        16.00 connections/op	   8388608 reader-B/batch	   8701000 retained-heap-B/batch	 8733142 B/op	     831 allocs/op
--- BENCH: BenchmarkPerformanceIdleConnections/secure/connections=16-10
    performance_baseline_test.go:398: One op constructs, readies, snapshots, and stops a full idle connection batch: built-in 512KiB reader, codec and Session config(queue/in-flight=64,event-buffer=64), pumps plus channel-backed net.Conn. No sockets/connect/auth. B/op measures lifecycle allocations including fixture/synchronization. retained-heap-B/batch is a separate post-GC live HeapAlloc delta with fixtures kept alive; includes fixture/runtime heap noise, no harness subtraction; excludes stack-in-use and OS/RSS.
BenchmarkPerformanceIdleConnections/secure/connections=16-10                     	     133	    890294 ns/op	        16.00 connections/op	   8388608 reader-B/batch	   8705000 retained-heap-B/batch	 8733117 B/op	     832 allocs/op
--- BENCH: BenchmarkPerformanceIdleConnections/secure/connections=16-10
    performance_baseline_test.go:398: One op constructs, readies, snapshots, and stops a full idle connection batch: built-in 512KiB reader, codec and Session config(queue/in-flight=64,event-buffer=64), pumps plus channel-backed net.Conn. No sockets/connect/auth. B/op measures lifecycle allocations including fixture/synchronization. retained-heap-B/batch is a separate post-GC live HeapAlloc delta with fixtures kept alive; includes fixture/runtime heap noise, no harness subtraction; excludes stack-in-use and OS/RSS.
BenchmarkPerformanceIdleConnections/secure/connections=16-10                     	     108	   1051350 ns/op	        16.00 connections/op	   8388608 reader-B/batch	   8700632 retained-heap-B/batch	 8733985 B/op	     839 allocs/op
--- BENCH: BenchmarkPerformanceIdleConnections/secure/connections=16-10
    performance_baseline_test.go:398: One op constructs, readies, snapshots, and stops a full idle connection batch: built-in 512KiB reader, codec and Session config(queue/in-flight=64,event-buffer=64), pumps plus channel-backed net.Conn. No sockets/connect/auth. B/op measures lifecycle allocations including fixture/synchronization. retained-heap-B/batch is a separate post-GC live HeapAlloc delta with fixtures kept alive; includes fixture/runtime heap noise, no harness subtraction; excludes stack-in-use and OS/RSS.
BenchmarkPerformanceIdleConnections/secure/connections=16-10                     	     138	    890012 ns/op	        16.00 connections/op	   8388608 reader-B/batch	   8707256 retained-heap-B/batch	 8733227 B/op	     832 allocs/op
--- BENCH: BenchmarkPerformanceIdleConnections/secure/connections=16-10
    performance_baseline_test.go:398: One op constructs, readies, snapshots, and stops a full idle connection batch: built-in 512KiB reader, codec and Session config(queue/in-flight=64,event-buffer=64), pumps plus channel-backed net.Conn. No sockets/connect/auth. B/op measures lifecycle allocations including fixture/synchronization. retained-heap-B/batch is a separate post-GC live HeapAlloc delta with fixtures kept alive; includes fixture/runtime heap noise, no harness subtraction; excludes stack-in-use and OS/RSS.
BenchmarkPerformanceIdleConnections/secure/connections=16-10                     	     133	    913028 ns/op	        16.00 connections/op	   8388608 reader-B/batch	   8699608 retained-heap-B/batch	 8733091 B/op	     831 allocs/op
--- BENCH: BenchmarkPerformanceIdleConnections/secure/connections=16-10
    performance_baseline_test.go:398: One op constructs, readies, snapshots, and stops a full idle connection batch: built-in 512KiB reader, codec and Session config(queue/in-flight=64,event-buffer=64), pumps plus channel-backed net.Conn. No sockets/connect/auth. B/op measures lifecycle allocations including fixture/synchronization. retained-heap-B/batch is a separate post-GC live HeapAlloc delta with fixtures kept alive; includes fixture/runtime heap noise, no harness subtraction; excludes stack-in-use and OS/RSS.
BenchmarkPerformanceIdleConnections/secure/connections=128-10                    	      25	   4549308 ns/op	       128.0 connections/op	  67108864 reader-B/batch	  69713160 retained-heap-B/batch	69879893 B/op	    6808 allocs/op
--- BENCH: BenchmarkPerformanceIdleConnections/secure/connections=128-10
    performance_baseline_test.go:398: One op constructs, readies, snapshots, and stops a full idle connection batch: built-in 512KiB reader, codec and Session config(queue/in-flight=64,event-buffer=64), pumps plus channel-backed net.Conn. No sockets/connect/auth. B/op measures lifecycle allocations including fixture/synchronization. retained-heap-B/batch is a separate post-GC live HeapAlloc delta with fixtures kept alive; includes fixture/runtime heap noise, no harness subtraction; excludes stack-in-use and OS/RSS.
BenchmarkPerformanceIdleConnections/secure/connections=128-10                    	      25	   4575260 ns/op	       128.0 connections/op	  67108864 reader-B/batch	  69728808 retained-heap-B/batch	69894277 B/op	    6936 allocs/op
--- BENCH: BenchmarkPerformanceIdleConnections/secure/connections=128-10
    performance_baseline_test.go:398: One op constructs, readies, snapshots, and stops a full idle connection batch: built-in 512KiB reader, codec and Session config(queue/in-flight=64,event-buffer=64), pumps plus channel-backed net.Conn. No sockets/connect/auth. B/op measures lifecycle allocations including fixture/synchronization. retained-heap-B/batch is a separate post-GC live HeapAlloc delta with fixtures kept alive; includes fixture/runtime heap noise, no harness subtraction; excludes stack-in-use and OS/RSS.
BenchmarkPerformanceIdleConnections/secure/connections=128-10                    	      22	   4915782 ns/op	       128.0 connections/op	  67108864 reader-B/batch	  69725688 retained-heap-B/batch	69885409 B/op	    6856 allocs/op
--- BENCH: BenchmarkPerformanceIdleConnections/secure/connections=128-10
    performance_baseline_test.go:398: One op constructs, readies, snapshots, and stops a full idle connection batch: built-in 512KiB reader, codec and Session config(queue/in-flight=64,event-buffer=64), pumps plus channel-backed net.Conn. No sockets/connect/auth. B/op measures lifecycle allocations including fixture/synchronization. retained-heap-B/batch is a separate post-GC live HeapAlloc delta with fixtures kept alive; includes fixture/runtime heap noise, no harness subtraction; excludes stack-in-use and OS/RSS.
BenchmarkPerformanceIdleConnections/secure/connections=128-10                    	      26	   4293678 ns/op	       128.0 connections/op	  67108864 reader-B/batch	  69718792 retained-heap-B/batch	69868549 B/op	    6705 allocs/op
--- BENCH: BenchmarkPerformanceIdleConnections/secure/connections=128-10
    performance_baseline_test.go:398: One op constructs, readies, snapshots, and stops a full idle connection batch: built-in 512KiB reader, codec and Session config(queue/in-flight=64,event-buffer=64), pumps plus channel-backed net.Conn. No sockets/connect/auth. B/op measures lifecycle allocations including fixture/synchronization. retained-heap-B/batch is a separate post-GC live HeapAlloc delta with fixtures kept alive; includes fixture/runtime heap noise, no harness subtraction; excludes stack-in-use and OS/RSS.
BenchmarkPerformanceIdleConnections/secure/connections=128-10                    	      24	   5010530 ns/op	       128.0 connections/op	  67108864 reader-B/batch	  69726904 retained-heap-B/batch	69895808 B/op	    6950 allocs/op
--- BENCH: BenchmarkPerformanceIdleConnections/secure/connections=128-10
    performance_baseline_test.go:398: One op constructs, readies, snapshots, and stops a full idle connection batch: built-in 512KiB reader, codec and Session config(queue/in-flight=64,event-buffer=64), pumps plus channel-backed net.Conn. No sockets/connect/auth. B/op measures lifecycle allocations including fixture/synchronization. retained-heap-B/batch is a separate post-GC live HeapAlloc delta with fixtures kept alive; includes fixture/runtime heap noise, no harness subtraction; excludes stack-in-use and OS/RSS.
PASS
ok  	github.com/otuschhoff/rados-go/internal/msgr	16.345s
