goos: darwin
goarch: arm64
pkg: github.com/otuschhoff/rados-go/internal/maps
cpu: Apple M1 Max
BenchmarkPerformancePlacement/UnrelatedBuckets=0-10         	   56487	      1885 ns/op	         3.000 buckets	      4100 osds	       231.0 topology-B	    1352 B/op	      18 allocs/op
BenchmarkPerformancePlacement/UnrelatedBuckets=0-10         	   64404	      1702 ns/op	         3.000 buckets	      4100 osds	       231.0 topology-B	    1352 B/op	      18 allocs/op
BenchmarkPerformancePlacement/UnrelatedBuckets=0-10         	   70689	      1735 ns/op	         3.000 buckets	      4100 osds	       231.0 topology-B	    1352 B/op	      18 allocs/op
BenchmarkPerformancePlacement/UnrelatedBuckets=0-10         	   72034	      1667 ns/op	         3.000 buckets	      4100 osds	       231.0 topology-B	    1352 B/op	      18 allocs/op
BenchmarkPerformancePlacement/UnrelatedBuckets=0-10         	   71570	      1682 ns/op	         3.000 buckets	      4100 osds	       231.0 topology-B	    1352 B/op	      18 allocs/op
BenchmarkPerformancePlacement/UnrelatedBuckets=64-10        	    9032	     15049 ns/op	        67.00 buckets	      4100 osds	      2023 topology-B	   27376 B/op	     167 allocs/op
BenchmarkPerformancePlacement/UnrelatedBuckets=64-10        	    8280	     14949 ns/op	        67.00 buckets	      4100 osds	      2023 topology-B	   27376 B/op	     167 allocs/op
BenchmarkPerformancePlacement/UnrelatedBuckets=64-10        	    9411	     15107 ns/op	        67.00 buckets	      4100 osds	      2023 topology-B	   27376 B/op	     167 allocs/op
BenchmarkPerformancePlacement/UnrelatedBuckets=64-10        	    9442	     14524 ns/op	        67.00 buckets	      4100 osds	      2023 topology-B	   27376 B/op	     167 allocs/op
BenchmarkPerformancePlacement/UnrelatedBuckets=64-10        	    9481	     14770 ns/op	        67.00 buckets	      4100 osds	      2023 topology-B	   27376 B/op	     167 allocs/op
BenchmarkPerformancePlacement/UnrelatedBuckets=1024-10      	     577	    204696 ns/op	      1027 buckets	      4100 osds	     28903 topology-B	  445891 B/op	    2106 allocs/op
BenchmarkPerformancePlacement/UnrelatedBuckets=1024-10      	     592	    207908 ns/op	      1027 buckets	      4100 osds	     28903 topology-B	  445891 B/op	    2106 allocs/op
BenchmarkPerformancePlacement/UnrelatedBuckets=1024-10      	     567	    205900 ns/op	      1027 buckets	      4100 osds	     28903 topology-B	  445891 B/op	    2106 allocs/op
BenchmarkPerformancePlacement/UnrelatedBuckets=1024-10      	     590	    207061 ns/op	      1027 buckets	      4100 osds	     28903 topology-B	  445891 B/op	    2106 allocs/op
BenchmarkPerformancePlacement/UnrelatedBuckets=1024-10      	     566	    205879 ns/op	      1027 buckets	      4100 osds	     28903 topology-B	  445893 B/op	    2106 allocs/op
BenchmarkPerformancePlacement/UnrelatedBuckets=4096-10      	     127	    928009 ns/op	      4099 buckets	      4100 osds	    114919 topology-B	 1789808 B/op	    8324 allocs/op
BenchmarkPerformancePlacement/UnrelatedBuckets=4096-10      	     124	    929217 ns/op	      4099 buckets	      4100 osds	    114919 topology-B	 1789814 B/op	    8324 allocs/op
BenchmarkPerformancePlacement/UnrelatedBuckets=4096-10      	     129	    928424 ns/op	      4099 buckets	      4100 osds	    114919 topology-B	 1789805 B/op	    8324 allocs/op
BenchmarkPerformancePlacement/UnrelatedBuckets=4096-10      	     128	    936697 ns/op	      4099 buckets	      4100 osds	    114919 topology-B	 1789810 B/op	    8324 allocs/op
BenchmarkPerformancePlacement/UnrelatedBuckets=4096-10      	     124	    938761 ns/op	      4099 buckets	      4100 osds	    114919 topology-B	 1789809 B/op	    8324 allocs/op
BenchmarkPerformanceIncremental/OSDs=4/OverridePGs=0-10     	   86484	      1423 ns/op	        48.00 osd-scalar-B	         4.000 osds	         0 override-entries	         0 override-pgs	         0 override-value-B	        64.00 socket-B	       231.0 topology-B	    3552 B/op	      34 allocs/op
BenchmarkPerformanceIncremental/OSDs=4/OverridePGs=0-10     	   84357	      1410 ns/op	        48.00 osd-scalar-B	         4.000 osds	         0 override-entries	         0 override-pgs	         0 override-value-B	        64.00 socket-B	       231.0 topology-B	    3552 B/op	      34 allocs/op
BenchmarkPerformanceIncremental/OSDs=4/OverridePGs=0-10     	   83726	      1391 ns/op	        48.00 osd-scalar-B	         4.000 osds	         0 override-entries	         0 override-pgs	         0 override-value-B	        64.00 socket-B	       231.0 topology-B	    3552 B/op	      34 allocs/op
BenchmarkPerformanceIncremental/OSDs=4/OverridePGs=0-10     	   85293	      1425 ns/op	        48.00 osd-scalar-B	         4.000 osds	         0 override-entries	         0 override-pgs	         0 override-value-B	        64.00 socket-B	       231.0 topology-B	    3552 B/op	      34 allocs/op
BenchmarkPerformanceIncremental/OSDs=4/OverridePGs=0-10     	   86456	      1395 ns/op	        48.00 osd-scalar-B	         4.000 osds	         0 override-entries	         0 override-pgs	         0 override-value-B	        64.00 socket-B	       231.0 topology-B	    3552 B/op	      34 allocs/op
BenchmarkPerformanceIncremental/OSDs=64/OverridePGs=0-10    	   33370	      3581 ns/op	       768.0 osd-scalar-B	        64.00 osds	         0 override-entries	         0 override-pgs	         0 override-value-B	      1024 socket-B	       231.0 topology-B	    9808 B/op	     154 allocs/op
BenchmarkPerformanceIncremental/OSDs=64/OverridePGs=0-10    	   34257	      3590 ns/op	       768.0 osd-scalar-B	        64.00 osds	         0 override-entries	         0 override-pgs	         0 override-value-B	      1024 socket-B	       231.0 topology-B	    9808 B/op	     154 allocs/op
BenchmarkPerformanceIncremental/OSDs=64/OverridePGs=0-10    	   32956	      3487 ns/op	       768.0 osd-scalar-B	        64.00 osds	         0 override-entries	         0 override-pgs	         0 override-value-B	      1024 socket-B	       231.0 topology-B	    9808 B/op	     154 allocs/op
BenchmarkPerformanceIncremental/OSDs=64/OverridePGs=0-10    	   33358	      3585 ns/op	       768.0 osd-scalar-B	        64.00 osds	         0 override-entries	         0 override-pgs	         0 override-value-B	      1024 socket-B	       231.0 topology-B	    9808 B/op	     154 allocs/op
BenchmarkPerformanceIncremental/OSDs=64/OverridePGs=0-10    	   33607	      3735 ns/op	       768.0 osd-scalar-B	        64.00 osds	         0 override-entries	         0 override-pgs	         0 override-value-B	      1024 socket-B	       231.0 topology-B	    9808 B/op	     154 allocs/op
BenchmarkPerformanceIncremental/OSDs=1024/OverridePGs=0-10  	    3008	     38708 ns/op	     12288 osd-scalar-B	      1024 osds	         0 override-entries	         0 override-pgs	         0 override-value-B	     16384 socket-B	       231.0 topology-B	  108240 B/op	    2074 allocs/op
BenchmarkPerformanceIncremental/OSDs=1024/OverridePGs=0-10  	    2824	     41168 ns/op	     12288 osd-scalar-B	      1024 osds	         0 override-entries	         0 override-pgs	         0 override-value-B	     16384 socket-B	       231.0 topology-B	  108240 B/op	    2074 allocs/op
BenchmarkPerformanceIncremental/OSDs=1024/OverridePGs=0-10  	    2926	     41780 ns/op	     12288 osd-scalar-B	      1024 osds	         0 override-entries	         0 override-pgs	         0 override-value-B	     16384 socket-B	       231.0 topology-B	  108240 B/op	    2074 allocs/op
BenchmarkPerformanceIncremental/OSDs=1024/OverridePGs=0-10  	    2718	     39334 ns/op	     12288 osd-scalar-B	      1024 osds	         0 override-entries	         0 override-pgs	         0 override-value-B	     16384 socket-B	       231.0 topology-B	  108240 B/op	    2074 allocs/op
BenchmarkPerformanceIncremental/OSDs=1024/OverridePGs=0-10  	    3270	     40021 ns/op	     12288 osd-scalar-B	      1024 osds	         0 override-entries	         0 override-pgs	         0 override-value-B	     16384 socket-B	       231.0 topology-B	  108240 B/op	    2074 allocs/op
BenchmarkPerformanceIncremental/OSDs=4096/OverridePGs=0-10  	     751	    167507 ns/op	     49152 osd-scalar-B	      4096 osds	         0 override-entries	         0 override-pgs	         0 override-value-B	     65536 socket-B	       231.0 topology-B	  412754 B/op	    8218 allocs/op
BenchmarkPerformanceIncremental/OSDs=4096/OverridePGs=0-10  	     697	    177037 ns/op	     49152 osd-scalar-B	      4096 osds	         0 override-entries	         0 override-pgs	         0 override-value-B	     65536 socket-B	       231.0 topology-B	  412754 B/op	    8218 allocs/op
BenchmarkPerformanceIncremental/OSDs=4096/OverridePGs=0-10  	     656	    177763 ns/op	     49152 osd-scalar-B	      4096 osds	         0 override-entries	         0 override-pgs	         0 override-value-B	     65536 socket-B	       231.0 topology-B	  412753 B/op	    8218 allocs/op
BenchmarkPerformanceIncremental/OSDs=4096/OverridePGs=0-10  	     700	    176314 ns/op	     49152 osd-scalar-B	      4096 osds	         0 override-entries	         0 override-pgs	         0 override-value-B	     65536 socket-B	       231.0 topology-B	  412753 B/op	    8218 allocs/op
BenchmarkPerformanceIncremental/OSDs=4096/OverridePGs=0-10  	     698	    170862 ns/op	     49152 osd-scalar-B	      4096 osds	         0 override-entries	         0 override-pgs	         0 override-value-B	     65536 socket-B	       231.0 topology-B	  412753 B/op	    8218 allocs/op
BenchmarkPerformanceIncremental/OSDs=4/OverridePGs=64-10    	    9234	     14314 ns/op	        48.00 osd-scalar-B	         4.000 osds	       320.0 override-entries	        64.00 override-pgs	      2048 override-value-B	        64.00 socket-B	       231.0 topology-B	   27816 B/op	     241 allocs/op
BenchmarkPerformanceIncremental/OSDs=4/OverridePGs=64-10    	   10000	     14176 ns/op	        48.00 osd-scalar-B	         4.000 osds	       320.0 override-entries	        64.00 override-pgs	      2048 override-value-B	        64.00 socket-B	       231.0 topology-B	   27816 B/op	     241 allocs/op
BenchmarkPerformanceIncremental/OSDs=4/OverridePGs=64-10    	    9174	     14318 ns/op	        48.00 osd-scalar-B	         4.000 osds	       320.0 override-entries	        64.00 override-pgs	      2048 override-value-B	        64.00 socket-B	       231.0 topology-B	   27816 B/op	     241 allocs/op
BenchmarkPerformanceIncremental/OSDs=4/OverridePGs=64-10    	    9256	     13882 ns/op	        48.00 osd-scalar-B	         4.000 osds	       320.0 override-entries	        64.00 override-pgs	      2048 override-value-B	        64.00 socket-B	       231.0 topology-B	   27816 B/op	     241 allocs/op
BenchmarkPerformanceIncremental/OSDs=4/OverridePGs=64-10    	    9492	     13677 ns/op	        48.00 osd-scalar-B	         4.000 osds	       320.0 override-entries	        64.00 override-pgs	      2048 override-value-B	        64.00 socket-B	       231.0 topology-B	   27816 B/op	     241 allocs/op
BenchmarkPerformanceIncremental/OSDs=4/OverridePGs=1024-10  	     568	    211145 ns/op	        48.00 osd-scalar-B	         4.000 osds	      5120 override-entries	      1024 override-pgs	     32768 override-value-B	        64.00 socket-B	       231.0 topology-B	  432500 B/op	    3131 allocs/op
BenchmarkPerformanceIncremental/OSDs=4/OverridePGs=1024-10  	     560	    208195 ns/op	        48.00 osd-scalar-B	         4.000 osds	      5120 override-entries	      1024 override-pgs	     32768 override-value-B	        64.00 socket-B	       231.0 topology-B	  432499 B/op	    3131 allocs/op
BenchmarkPerformanceIncremental/OSDs=4/OverridePGs=1024-10  	     583	    210420 ns/op	        48.00 osd-scalar-B	         4.000 osds	      5120 override-entries	      1024 override-pgs	     32768 override-value-B	        64.00 socket-B	       231.0 topology-B	  432501 B/op	    3131 allocs/op
BenchmarkPerformanceIncremental/OSDs=4/OverridePGs=1024-10  	     586	    201332 ns/op	        48.00 osd-scalar-B	         4.000 osds	      5120 override-entries	      1024 override-pgs	     32768 override-value-B	        64.00 socket-B	       231.0 topology-B	  432499 B/op	    3131 allocs/op
BenchmarkPerformanceIncremental/OSDs=4/OverridePGs=1024-10  	     592	    209110 ns/op	        48.00 osd-scalar-B	         4.000 osds	      5120 override-entries	      1024 override-pgs	     32768 override-value-B	        64.00 socket-B	       231.0 topology-B	  432500 B/op	    3131 allocs/op
BenchmarkPerformanceIncremental/OSDs=4/OverridePGs=4096-10  	     127	    918086 ns/op	        48.00 osd-scalar-B	         4.000 osds	     20480 override-entries	      4096 override-pgs	    131072 override-value-B	        64.00 socket-B	       231.0 topology-B	 1719379 B/op	   12407 allocs/op
BenchmarkPerformanceIncremental/OSDs=4/OverridePGs=4096-10  	     127	    898931 ns/op	        48.00 osd-scalar-B	         4.000 osds	     20480 override-entries	      4096 override-pgs	    131072 override-value-B	        64.00 socket-B	       231.0 topology-B	 1719340 B/op	   12407 allocs/op
BenchmarkPerformanceIncremental/OSDs=4/OverridePGs=4096-10  	     129	    920943 ns/op	        48.00 osd-scalar-B	         4.000 osds	     20480 override-entries	      4096 override-pgs	    131072 override-value-B	        64.00 socket-B	       231.0 topology-B	 1719341 B/op	   12407 allocs/op
BenchmarkPerformanceIncremental/OSDs=4/OverridePGs=4096-10  	     132	    872050 ns/op	        48.00 osd-scalar-B	         4.000 osds	     20480 override-entries	      4096 override-pgs	    131072 override-value-B	        64.00 socket-B	       231.0 topology-B	 1719336 B/op	   12407 allocs/op
BenchmarkPerformanceIncremental/OSDs=4/OverridePGs=4096-10  	     138	    877497 ns/op	        48.00 osd-scalar-B	         4.000 osds	     20480 override-entries	      4096 override-pgs	    131072 override-value-B	        64.00 socket-B	       231.0 topology-B	 1719336 B/op	   12407 allocs/op
PASS
ok  	github.com/otuschhoff/rados-go/internal/maps	9.654s
goos: darwin
goarch: arm64
pkg: github.com/otuschhoff/rados-go/internal/msgr
cpu: Apple M1 Max
BenchmarkPerformanceQueue/depth=1/complete-10         	  301566	       345.5 ns/op	         1.000 depth	         1.000 requests/op	     279 B/op	       7 allocs/op
--- BENCH: BenchmarkPerformanceQueue/depth=1/complete-10
    performance_baseline_test.go:106: One op is a full depth-sized batch: owner admission/refill, synthetic sent/replay registration, real reply completion or failAll, and result-channel drain. No Session pumps, dispatch, wire encoding, network, or authentication; refill remains timed.
BenchmarkPerformanceQueue/depth=1/complete-10         	  462583	       276.5 ns/op	         1.000 depth	         1.000 requests/op	     280 B/op	       7 allocs/op
--- BENCH: BenchmarkPerformanceQueue/depth=1/complete-10
    performance_baseline_test.go:106: One op is a full depth-sized batch: owner admission/refill, synthetic sent/replay registration, real reply completion or failAll, and result-channel drain. No Session pumps, dispatch, wire encoding, network, or authentication; refill remains timed.
BenchmarkPerformanceQueue/depth=1/complete-10         	  482702	       278.6 ns/op	         1.000 depth	         1.000 requests/op	     279 B/op	       7 allocs/op
--- BENCH: BenchmarkPerformanceQueue/depth=1/complete-10
    performance_baseline_test.go:106: One op is a full depth-sized batch: owner admission/refill, synthetic sent/replay registration, real reply completion or failAll, and result-channel drain. No Session pumps, dispatch, wire encoding, network, or authentication; refill remains timed.
BenchmarkPerformanceQueue/depth=1/complete-10         	  456634	       278.0 ns/op	         1.000 depth	         1.000 requests/op	     279 B/op	       7 allocs/op
--- BENCH: BenchmarkPerformanceQueue/depth=1/complete-10
    performance_baseline_test.go:106: One op is a full depth-sized batch: owner admission/refill, synthetic sent/replay registration, real reply completion or failAll, and result-channel drain. No Session pumps, dispatch, wire encoding, network, or authentication; refill remains timed.
BenchmarkPerformanceQueue/depth=1/complete-10         	  438943	       278.5 ns/op	         1.000 depth	         1.000 requests/op	     279 B/op	       7 allocs/op
--- BENCH: BenchmarkPerformanceQueue/depth=1/complete-10
    performance_baseline_test.go:106: One op is a full depth-sized batch: owner admission/refill, synthetic sent/replay registration, real reply completion or failAll, and result-channel drain. No Session pumps, dispatch, wire encoding, network, or authentication; refill remains timed.
BenchmarkPerformanceQueue/depth=1/drain-10            	  303502	       389.1 ns/op	         1.000 depth	         1.000 requests/op	     368 B/op	       9 allocs/op
--- BENCH: BenchmarkPerformanceQueue/depth=1/drain-10
    performance_baseline_test.go:106: One op is a full depth-sized batch: owner admission/refill, synthetic sent/replay registration, real reply completion or failAll, and result-channel drain. No Session pumps, dispatch, wire encoding, network, or authentication; refill remains timed.
BenchmarkPerformanceQueue/depth=1/drain-10            	  306157	       386.5 ns/op	         1.000 depth	         1.000 requests/op	     368 B/op	       9 allocs/op
--- BENCH: BenchmarkPerformanceQueue/depth=1/drain-10
    performance_baseline_test.go:106: One op is a full depth-sized batch: owner admission/refill, synthetic sent/replay registration, real reply completion or failAll, and result-channel drain. No Session pumps, dispatch, wire encoding, network, or authentication; refill remains timed.
BenchmarkPerformanceQueue/depth=1/drain-10            	  294897	       385.9 ns/op	         1.000 depth	         1.000 requests/op	     368 B/op	       9 allocs/op
--- BENCH: BenchmarkPerformanceQueue/depth=1/drain-10
    performance_baseline_test.go:106: One op is a full depth-sized batch: owner admission/refill, synthetic sent/replay registration, real reply completion or failAll, and result-channel drain. No Session pumps, dispatch, wire encoding, network, or authentication; refill remains timed.
BenchmarkPerformanceQueue/depth=1/drain-10            	  312320	       384.5 ns/op	         1.000 depth	         1.000 requests/op	     368 B/op	       9 allocs/op
--- BENCH: BenchmarkPerformanceQueue/depth=1/drain-10
    performance_baseline_test.go:106: One op is a full depth-sized batch: owner admission/refill, synthetic sent/replay registration, real reply completion or failAll, and result-channel drain. No Session pumps, dispatch, wire encoding, network, or authentication; refill remains timed.
BenchmarkPerformanceQueue/depth=1/drain-10            	  302149	       383.9 ns/op	         1.000 depth	         1.000 requests/op	     368 B/op	       9 allocs/op
--- BENCH: BenchmarkPerformanceQueue/depth=1/drain-10
    performance_baseline_test.go:106: One op is a full depth-sized batch: owner admission/refill, synthetic sent/replay registration, real reply completion or failAll, and result-channel drain. No Session pumps, dispatch, wire encoding, network, or authentication; refill remains timed.
BenchmarkPerformanceQueue/depth=64/complete-10        	    5158	     24486 ns/op	        64.00 depth	        64.00 requests/op	   20319 B/op	     454 allocs/op
--- BENCH: BenchmarkPerformanceQueue/depth=64/complete-10
    performance_baseline_test.go:106: One op is a full depth-sized batch: owner admission/refill, synthetic sent/replay registration, real reply completion or failAll, and result-channel drain. No Session pumps, dispatch, wire encoding, network, or authentication; refill remains timed.
BenchmarkPerformanceQueue/depth=64/complete-10        	    5203	     24133 ns/op	        64.00 depth	        64.00 requests/op	   20319 B/op	     454 allocs/op
--- BENCH: BenchmarkPerformanceQueue/depth=64/complete-10
    performance_baseline_test.go:106: One op is a full depth-sized batch: owner admission/refill, synthetic sent/replay registration, real reply completion or failAll, and result-channel drain. No Session pumps, dispatch, wire encoding, network, or authentication; refill remains timed.
BenchmarkPerformanceQueue/depth=64/complete-10        	    5480	     24353 ns/op	        64.00 depth	        64.00 requests/op	   20319 B/op	     454 allocs/op
--- BENCH: BenchmarkPerformanceQueue/depth=64/complete-10
    performance_baseline_test.go:106: One op is a full depth-sized batch: owner admission/refill, synthetic sent/replay registration, real reply completion or failAll, and result-channel drain. No Session pumps, dispatch, wire encoding, network, or authentication; refill remains timed.
BenchmarkPerformanceQueue/depth=64/complete-10        	    5085	     24168 ns/op	        64.00 depth	        64.00 requests/op	   20319 B/op	     454 allocs/op
--- BENCH: BenchmarkPerformanceQueue/depth=64/complete-10
    performance_baseline_test.go:106: One op is a full depth-sized batch: owner admission/refill, synthetic sent/replay registration, real reply completion or failAll, and result-channel drain. No Session pumps, dispatch, wire encoding, network, or authentication; refill remains timed.
BenchmarkPerformanceQueue/depth=64/complete-10        	    5139	     24608 ns/op	        64.00 depth	        64.00 requests/op	   20319 B/op	     454 allocs/op
--- BENCH: BenchmarkPerformanceQueue/depth=64/complete-10
    performance_baseline_test.go:106: One op is a full depth-sized batch: owner admission/refill, synthetic sent/replay registration, real reply completion or failAll, and result-channel drain. No Session pumps, dispatch, wire encoding, network, or authentication; refill remains timed.
BenchmarkPerformanceQueue/depth=64/drain-10           	    5474	     22515 ns/op	        64.00 depth	        64.00 requests/op	   24570 B/op	     462 allocs/op
--- BENCH: BenchmarkPerformanceQueue/depth=64/drain-10
    performance_baseline_test.go:106: One op is a full depth-sized batch: owner admission/refill, synthetic sent/replay registration, real reply completion or failAll, and result-channel drain. No Session pumps, dispatch, wire encoding, network, or authentication; refill remains timed.
BenchmarkPerformanceQueue/depth=64/drain-10           	    5646	     22555 ns/op	        64.00 depth	        64.00 requests/op	   24571 B/op	     462 allocs/op
--- BENCH: BenchmarkPerformanceQueue/depth=64/drain-10
    performance_baseline_test.go:106: One op is a full depth-sized batch: owner admission/refill, synthetic sent/replay registration, real reply completion or failAll, and result-channel drain. No Session pumps, dispatch, wire encoding, network, or authentication; refill remains timed.
BenchmarkPerformanceQueue/depth=64/drain-10           	    5827	     22412 ns/op	        64.00 depth	        64.00 requests/op	   24570 B/op	     462 allocs/op
--- BENCH: BenchmarkPerformanceQueue/depth=64/drain-10
    performance_baseline_test.go:106: One op is a full depth-sized batch: owner admission/refill, synthetic sent/replay registration, real reply completion or failAll, and result-channel drain. No Session pumps, dispatch, wire encoding, network, or authentication; refill remains timed.
BenchmarkPerformanceQueue/depth=64/drain-10           	    6024	     22629 ns/op	        64.00 depth	        64.00 requests/op	   24571 B/op	     462 allocs/op
--- BENCH: BenchmarkPerformanceQueue/depth=64/drain-10
    performance_baseline_test.go:106: One op is a full depth-sized batch: owner admission/refill, synthetic sent/replay registration, real reply completion or failAll, and result-channel drain. No Session pumps, dispatch, wire encoding, network, or authentication; refill remains timed.
BenchmarkPerformanceQueue/depth=64/drain-10           	    5714	     22824 ns/op	        64.00 depth	        64.00 requests/op	   24570 B/op	     462 allocs/op
--- BENCH: BenchmarkPerformanceQueue/depth=64/drain-10
    performance_baseline_test.go:106: One op is a full depth-sized batch: owner admission/refill, synthetic sent/replay registration, real reply completion or failAll, and result-channel drain. No Session pumps, dispatch, wire encoding, network, or authentication; refill remains timed.
BenchmarkPerformanceQueue/depth=1024/complete-10      	     100	   1173255 ns/op	      1024 depth	      1024 requests/op	  373328 B/op	    7177 allocs/op
--- BENCH: BenchmarkPerformanceQueue/depth=1024/complete-10
    performance_baseline_test.go:106: One op is a full depth-sized batch: owner admission/refill, synthetic sent/replay registration, real reply completion or failAll, and result-channel drain. No Session pumps, dispatch, wire encoding, network, or authentication; refill remains timed.
BenchmarkPerformanceQueue/depth=1024/complete-10      	     100	   1187793 ns/op	      1024 depth	      1024 requests/op	  373326 B/op	    7177 allocs/op
--- BENCH: BenchmarkPerformanceQueue/depth=1024/complete-10
    performance_baseline_test.go:106: One op is a full depth-sized batch: owner admission/refill, synthetic sent/replay registration, real reply completion or failAll, and result-channel drain. No Session pumps, dispatch, wire encoding, network, or authentication; refill remains timed.
BenchmarkPerformanceQueue/depth=1024/complete-10      	     100	   1194433 ns/op	      1024 depth	      1024 requests/op	  373327 B/op	    7177 allocs/op
--- BENCH: BenchmarkPerformanceQueue/depth=1024/complete-10
    performance_baseline_test.go:106: One op is a full depth-sized batch: owner admission/refill, synthetic sent/replay registration, real reply completion or failAll, and result-channel drain. No Session pumps, dispatch, wire encoding, network, or authentication; refill remains timed.
BenchmarkPerformanceQueue/depth=1024/complete-10      	     100	   1194570 ns/op	      1024 depth	      1024 requests/op	  373324 B/op	    7177 allocs/op
--- BENCH: BenchmarkPerformanceQueue/depth=1024/complete-10
    performance_baseline_test.go:106: One op is a full depth-sized batch: owner admission/refill, synthetic sent/replay registration, real reply completion or failAll, and result-channel drain. No Session pumps, dispatch, wire encoding, network, or authentication; refill remains timed.
BenchmarkPerformanceQueue/depth=1024/complete-10      	     100	   1210611 ns/op	      1024 depth	      1024 requests/op	  373325 B/op	    7177 allocs/op
--- BENCH: BenchmarkPerformanceQueue/depth=1024/complete-10
    performance_baseline_test.go:106: One op is a full depth-sized batch: owner admission/refill, synthetic sent/replay registration, real reply completion or failAll, and result-channel drain. No Session pumps, dispatch, wire encoding, network, or authentication; refill remains timed.
BenchmarkPerformanceQueue/depth=1024/drain-10         	     320	    374974 ns/op	      1024 depth	      1024 requests/op	  420147 B/op	    7192 allocs/op
--- BENCH: BenchmarkPerformanceQueue/depth=1024/drain-10
    performance_baseline_test.go:106: One op is a full depth-sized batch: owner admission/refill, synthetic sent/replay registration, real reply completion or failAll, and result-channel drain. No Session pumps, dispatch, wire encoding, network, or authentication; refill remains timed.
BenchmarkPerformanceQueue/depth=1024/drain-10         	     320	    376673 ns/op	      1024 depth	      1024 requests/op	  420147 B/op	    7192 allocs/op
--- BENCH: BenchmarkPerformanceQueue/depth=1024/drain-10
    performance_baseline_test.go:106: One op is a full depth-sized batch: owner admission/refill, synthetic sent/replay registration, real reply completion or failAll, and result-channel drain. No Session pumps, dispatch, wire encoding, network, or authentication; refill remains timed.
BenchmarkPerformanceQueue/depth=1024/drain-10         	     318	    379587 ns/op	      1024 depth	      1024 requests/op	  420148 B/op	    7192 allocs/op
--- BENCH: BenchmarkPerformanceQueue/depth=1024/drain-10
    performance_baseline_test.go:106: One op is a full depth-sized batch: owner admission/refill, synthetic sent/replay registration, real reply completion or failAll, and result-channel drain. No Session pumps, dispatch, wire encoding, network, or authentication; refill remains timed.
BenchmarkPerformanceQueue/depth=1024/drain-10         	     318	    377476 ns/op	      1024 depth	      1024 requests/op	  420144 B/op	    7192 allocs/op
--- BENCH: BenchmarkPerformanceQueue/depth=1024/drain-10
    performance_baseline_test.go:106: One op is a full depth-sized batch: owner admission/refill, synthetic sent/replay registration, real reply completion or failAll, and result-channel drain. No Session pumps, dispatch, wire encoding, network, or authentication; refill remains timed.
BenchmarkPerformanceQueue/depth=1024/drain-10         	     314	    377797 ns/op	      1024 depth	      1024 requests/op	  420149 B/op	    7192 allocs/op
--- BENCH: BenchmarkPerformanceQueue/depth=1024/drain-10
    performance_baseline_test.go:106: One op is a full depth-sized batch: owner admission/refill, synthetic sent/replay registration, real reply completion or failAll, and result-channel drain. No Session pumps, dispatch, wire encoding, network, or authentication; refill remains timed.
BenchmarkPerformanceQueue/depth=4096/complete-10      	       6	  19937938 ns/op	      4096 depth	      4096 requests/op	 1437986 B/op	   28644 allocs/op
--- BENCH: BenchmarkPerformanceQueue/depth=4096/complete-10
    performance_baseline_test.go:106: One op is a full depth-sized batch: owner admission/refill, synthetic sent/replay registration, real reply completion or failAll, and result-channel drain. No Session pumps, dispatch, wire encoding, network, or authentication; refill remains timed.
BenchmarkPerformanceQueue/depth=4096/complete-10      	       6	  20183674 ns/op	      4096 depth	      4096 requests/op	 1437984 B/op	   28644 allocs/op
--- BENCH: BenchmarkPerformanceQueue/depth=4096/complete-10
    performance_baseline_test.go:106: One op is a full depth-sized batch: owner admission/refill, synthetic sent/replay registration, real reply completion or failAll, and result-channel drain. No Session pumps, dispatch, wire encoding, network, or authentication; refill remains timed.
BenchmarkPerformanceQueue/depth=4096/complete-10      	       6	  19723139 ns/op	      4096 depth	      4096 requests/op	 1437970 B/op	   28644 allocs/op
--- BENCH: BenchmarkPerformanceQueue/depth=4096/complete-10
    performance_baseline_test.go:106: One op is a full depth-sized batch: owner admission/refill, synthetic sent/replay registration, real reply completion or failAll, and result-channel drain. No Session pumps, dispatch, wire encoding, network, or authentication; refill remains timed.
BenchmarkPerformanceQueue/depth=4096/complete-10      	       6	  20280812 ns/op	      4096 depth	      4096 requests/op	 1438005 B/op	   28644 allocs/op
--- BENCH: BenchmarkPerformanceQueue/depth=4096/complete-10
    performance_baseline_test.go:106: One op is a full depth-sized batch: owner admission/refill, synthetic sent/replay registration, real reply completion or failAll, and result-channel drain. No Session pumps, dispatch, wire encoding, network, or authentication; refill remains timed.
BenchmarkPerformanceQueue/depth=4096/complete-10      	       6	  19888583 ns/op	      4096 depth	      4096 requests/op	 1437965 B/op	   28644 allocs/op
--- BENCH: BenchmarkPerformanceQueue/depth=4096/complete-10
    performance_baseline_test.go:106: One op is a full depth-sized batch: owner admission/refill, synthetic sent/replay registration, real reply completion or failAll, and result-channel drain. No Session pumps, dispatch, wire encoding, network, or authentication; refill remains timed.
BenchmarkPerformanceQueue/depth=4096/drain-10         	      66	   1603580 ns/op	      4096 depth	      4096 requests/op	 1747384 B/op	   28705 allocs/op
--- BENCH: BenchmarkPerformanceQueue/depth=4096/drain-10
    performance_baseline_test.go:106: One op is a full depth-sized batch: owner admission/refill, synthetic sent/replay registration, real reply completion or failAll, and result-channel drain. No Session pumps, dispatch, wire encoding, network, or authentication; refill remains timed.
BenchmarkPerformanceQueue/depth=4096/drain-10         	      69	   1561211 ns/op	      4096 depth	      4096 requests/op	 1747523 B/op	   28705 allocs/op
--- BENCH: BenchmarkPerformanceQueue/depth=4096/drain-10
    performance_baseline_test.go:106: One op is a full depth-sized batch: owner admission/refill, synthetic sent/replay registration, real reply completion or failAll, and result-channel drain. No Session pumps, dispatch, wire encoding, network, or authentication; refill remains timed.
BenchmarkPerformanceQueue/depth=4096/drain-10         	      68	   1569627 ns/op	      4096 depth	      4096 requests/op	 1747530 B/op	   28705 allocs/op
--- BENCH: BenchmarkPerformanceQueue/depth=4096/drain-10
    performance_baseline_test.go:106: One op is a full depth-sized batch: owner admission/refill, synthetic sent/replay registration, real reply completion or failAll, and result-channel drain. No Session pumps, dispatch, wire encoding, network, or authentication; refill remains timed.
BenchmarkPerformanceQueue/depth=4096/drain-10         	      68	   1568544 ns/op	      4096 depth	      4096 requests/op	 1747499 B/op	   28706 allocs/op
--- BENCH: BenchmarkPerformanceQueue/depth=4096/drain-10
    performance_baseline_test.go:106: One op is a full depth-sized batch: owner admission/refill, synthetic sent/replay registration, real reply completion or failAll, and result-channel drain. No Session pumps, dispatch, wire encoding, network, or authentication; refill remains timed.
BenchmarkPerformanceQueue/depth=4096/drain-10         	      67	   1576100 ns/op	      4096 depth	      4096 requests/op	 1747400 B/op	   28705 allocs/op
--- BENCH: BenchmarkPerformanceQueue/depth=4096/drain-10
    performance_baseline_test.go:106: One op is a full depth-sized batch: owner admission/refill, synthetic sent/replay registration, real reply completion or failAll, and result-channel drain. No Session pumps, dispatch, wire encoding, network, or authentication; refill remains timed.
BenchmarkPerformanceSubmissionReplay/crc/bytes=4096/initial-10         	    4190	     24959 ns/op	 164.11 MB/s	         1.000 message-sends/op	         1.000 requests/op	   34865 B/op	     105 allocs/op
--- BENCH: BenchmarkPerformanceSubmissionReplay/crc/bytes=4096/initial-10
    performance_baseline_test.go:301: One op is a complete request lifecycle. Timed: codec/session/fixture creation, actual Session.Submit admission copy, pumps, EncodeMessage, real CRC/AEAD wire encode, peer decode/send validation, optional channel-forced fault + reconnect control + replay, small injected reply, completion ACK, snapshot, Stop. Excluded: connection establishment, authentication, sockets, inbound wire decode, OSD processing, backoff delays. MB/s counts outbound application payload across message sends, not control/wire bytes.
BenchmarkPerformanceSubmissionReplay/crc/bytes=4096/initial-10         	    4388	     25237 ns/op	 162.30 MB/s	         1.000 message-sends/op	         1.000 requests/op	   34842 B/op	     105 allocs/op
--- BENCH: BenchmarkPerformanceSubmissionReplay/crc/bytes=4096/initial-10
    performance_baseline_test.go:301: One op is a complete request lifecycle. Timed: codec/session/fixture creation, actual Session.Submit admission copy, pumps, EncodeMessage, real CRC/AEAD wire encode, peer decode/send validation, optional channel-forced fault + reconnect control + replay, small injected reply, completion ACK, snapshot, Stop. Excluded: connection establishment, authentication, sockets, inbound wire decode, OSD processing, backoff delays. MB/s counts outbound application payload across message sends, not control/wire bytes.
BenchmarkPerformanceSubmissionReplay/crc/bytes=4096/initial-10         	    4908	     26067 ns/op	 157.13 MB/s	         1.000 message-sends/op	         1.000 requests/op	   34839 B/op	     105 allocs/op
--- BENCH: BenchmarkPerformanceSubmissionReplay/crc/bytes=4096/initial-10
    performance_baseline_test.go:301: One op is a complete request lifecycle. Timed: codec/session/fixture creation, actual Session.Submit admission copy, pumps, EncodeMessage, real CRC/AEAD wire encode, peer decode/send validation, optional channel-forced fault + reconnect control + replay, small injected reply, completion ACK, snapshot, Stop. Excluded: connection establishment, authentication, sockets, inbound wire decode, OSD processing, backoff delays. MB/s counts outbound application payload across message sends, not control/wire bytes.
BenchmarkPerformanceSubmissionReplay/crc/bytes=4096/initial-10         	    5251	     25048 ns/op	 163.53 MB/s	         1.000 message-sends/op	         1.000 requests/op	   34841 B/op	     105 allocs/op
--- BENCH: BenchmarkPerformanceSubmissionReplay/crc/bytes=4096/initial-10
    performance_baseline_test.go:301: One op is a complete request lifecycle. Timed: codec/session/fixture creation, actual Session.Submit admission copy, pumps, EncodeMessage, real CRC/AEAD wire encode, peer decode/send validation, optional channel-forced fault + reconnect control + replay, small injected reply, completion ACK, snapshot, Stop. Excluded: connection establishment, authentication, sockets, inbound wire decode, OSD processing, backoff delays. MB/s counts outbound application payload across message sends, not control/wire bytes.
BenchmarkPerformanceSubmissionReplay/crc/bytes=4096/initial-10         	    5077	     25227 ns/op	 162.37 MB/s	         1.000 message-sends/op	         1.000 requests/op	   34845 B/op	     105 allocs/op
--- BENCH: BenchmarkPerformanceSubmissionReplay/crc/bytes=4096/initial-10
    performance_baseline_test.go:301: One op is a complete request lifecycle. Timed: codec/session/fixture creation, actual Session.Submit admission copy, pumps, EncodeMessage, real CRC/AEAD wire encode, peer decode/send validation, optional channel-forced fault + reconnect control + replay, small injected reply, completion ACK, snapshot, Stop. Excluded: connection establishment, authentication, sockets, inbound wire decode, OSD processing, backoff delays. MB/s counts outbound application payload across message sends, not control/wire bytes.
BenchmarkPerformanceSubmissionReplay/crc/bytes=4096/initial+replay-10  	    2894	     42143 ns/op	 194.38 MB/s	         2.000 message-sends/op	         1.000 requests/op	   54464 B/op	     161 allocs/op
--- BENCH: BenchmarkPerformanceSubmissionReplay/crc/bytes=4096/initial+replay-10
    performance_baseline_test.go:301: One op is a complete request lifecycle. Timed: codec/session/fixture creation, actual Session.Submit admission copy, pumps, EncodeMessage, real CRC/AEAD wire encode, peer decode/send validation, optional channel-forced fault + reconnect control + replay, small injected reply, completion ACK, snapshot, Stop. Excluded: connection establishment, authentication, sockets, inbound wire decode, OSD processing, backoff delays. MB/s counts outbound application payload across message sends, not control/wire bytes.
BenchmarkPerformanceSubmissionReplay/crc/bytes=4096/initial+replay-10  	    2944	     41564 ns/op	 197.09 MB/s	         2.000 message-sends/op	         1.000 requests/op	   54462 B/op	     161 allocs/op
--- BENCH: BenchmarkPerformanceSubmissionReplay/crc/bytes=4096/initial+replay-10
    performance_baseline_test.go:301: One op is a complete request lifecycle. Timed: codec/session/fixture creation, actual Session.Submit admission copy, pumps, EncodeMessage, real CRC/AEAD wire encode, peer decode/send validation, optional channel-forced fault + reconnect control + replay, small injected reply, completion ACK, snapshot, Stop. Excluded: connection establishment, authentication, sockets, inbound wire decode, OSD processing, backoff delays. MB/s counts outbound application payload across message sends, not control/wire bytes.
BenchmarkPerformanceSubmissionReplay/crc/bytes=4096/initial+replay-10  	    3086	     41796 ns/op	 196.00 MB/s	         2.000 message-sends/op	         1.000 requests/op	   54473 B/op	     161 allocs/op
--- BENCH: BenchmarkPerformanceSubmissionReplay/crc/bytes=4096/initial+replay-10
    performance_baseline_test.go:301: One op is a complete request lifecycle. Timed: codec/session/fixture creation, actual Session.Submit admission copy, pumps, EncodeMessage, real CRC/AEAD wire encode, peer decode/send validation, optional channel-forced fault + reconnect control + replay, small injected reply, completion ACK, snapshot, Stop. Excluded: connection establishment, authentication, sockets, inbound wire decode, OSD processing, backoff delays. MB/s counts outbound application payload across message sends, not control/wire bytes.
BenchmarkPerformanceSubmissionReplay/crc/bytes=4096/initial+replay-10  	    2821	     41221 ns/op	 198.73 MB/s	         2.000 message-sends/op	         1.000 requests/op	   54467 B/op	     161 allocs/op
--- BENCH: BenchmarkPerformanceSubmissionReplay/crc/bytes=4096/initial+replay-10
    performance_baseline_test.go:301: One op is a complete request lifecycle. Timed: codec/session/fixture creation, actual Session.Submit admission copy, pumps, EncodeMessage, real CRC/AEAD wire encode, peer decode/send validation, optional channel-forced fault + reconnect control + replay, small injected reply, completion ACK, snapshot, Stop. Excluded: connection establishment, authentication, sockets, inbound wire decode, OSD processing, backoff delays. MB/s counts outbound application payload across message sends, not control/wire bytes.
BenchmarkPerformanceSubmissionReplay/crc/bytes=4096/initial+replay-10  	    2863	     41247 ns/op	 198.61 MB/s	         2.000 message-sends/op	         1.000 requests/op	   54469 B/op	     161 allocs/op
--- BENCH: BenchmarkPerformanceSubmissionReplay/crc/bytes=4096/initial+replay-10
    performance_baseline_test.go:301: One op is a complete request lifecycle. Timed: codec/session/fixture creation, actual Session.Submit admission copy, pumps, EncodeMessage, real CRC/AEAD wire encode, peer decode/send validation, optional channel-forced fault + reconnect control + replay, small injected reply, completion ACK, snapshot, Stop. Excluded: connection establishment, authentication, sockets, inbound wire decode, OSD processing, backoff delays. MB/s counts outbound application payload across message sends, not control/wire bytes.
BenchmarkPerformanceSubmissionReplay/crc/bytes=65536/initial-10        	    1488	     83959 ns/op	 780.57 MB/s	         1.000 message-sends/op	         1.000 requests/op	  349489 B/op	     105 allocs/op
--- BENCH: BenchmarkPerformanceSubmissionReplay/crc/bytes=65536/initial-10
    performance_baseline_test.go:301: One op is a complete request lifecycle. Timed: codec/session/fixture creation, actual Session.Submit admission copy, pumps, EncodeMessage, real CRC/AEAD wire encode, peer decode/send validation, optional channel-forced fault + reconnect control + replay, small injected reply, completion ACK, snapshot, Stop. Excluded: connection establishment, authentication, sockets, inbound wire decode, OSD processing, backoff delays. MB/s counts outbound application payload across message sends, not control/wire bytes.
BenchmarkPerformanceSubmissionReplay/crc/bytes=65536/initial-10        	    1497	     85858 ns/op	 763.31 MB/s	         1.000 message-sends/op	         1.000 requests/op	  349500 B/op	     105 allocs/op
--- BENCH: BenchmarkPerformanceSubmissionReplay/crc/bytes=65536/initial-10
    performance_baseline_test.go:301: One op is a complete request lifecycle. Timed: codec/session/fixture creation, actual Session.Submit admission copy, pumps, EncodeMessage, real CRC/AEAD wire encode, peer decode/send validation, optional channel-forced fault + reconnect control + replay, small injected reply, completion ACK, snapshot, Stop. Excluded: connection establishment, authentication, sockets, inbound wire decode, OSD processing, backoff delays. MB/s counts outbound application payload across message sends, not control/wire bytes.
BenchmarkPerformanceSubmissionReplay/crc/bytes=65536/initial-10        	    1326	     94045 ns/op	 696.86 MB/s	         1.000 message-sends/op	         1.000 requests/op	  349499 B/op	     105 allocs/op
--- BENCH: BenchmarkPerformanceSubmissionReplay/crc/bytes=65536/initial-10
    performance_baseline_test.go:301: One op is a complete request lifecycle. Timed: codec/session/fixture creation, actual Session.Submit admission copy, pumps, EncodeMessage, real CRC/AEAD wire encode, peer decode/send validation, optional channel-forced fault + reconnect control + replay, small injected reply, completion ACK, snapshot, Stop. Excluded: connection establishment, authentication, sockets, inbound wire decode, OSD processing, backoff delays. MB/s counts outbound application payload across message sends, not control/wire bytes.
BenchmarkPerformanceSubmissionReplay/crc/bytes=65536/initial-10        	    1366	     89579 ns/op	 731.60 MB/s	         1.000 message-sends/op	         1.000 requests/op	  349475 B/op	     105 allocs/op
--- BENCH: BenchmarkPerformanceSubmissionReplay/crc/bytes=65536/initial-10
    performance_baseline_test.go:301: One op is a complete request lifecycle. Timed: codec/session/fixture creation, actual Session.Submit admission copy, pumps, EncodeMessage, real CRC/AEAD wire encode, peer decode/send validation, optional channel-forced fault + reconnect control + replay, small injected reply, completion ACK, snapshot, Stop. Excluded: connection establishment, authentication, sockets, inbound wire decode, OSD processing, backoff delays. MB/s counts outbound application payload across message sends, not control/wire bytes.
BenchmarkPerformanceSubmissionReplay/crc/bytes=65536/initial-10        	    1340	     88928 ns/op	 736.96 MB/s	         1.000 message-sends/op	         1.000 requests/op	  349507 B/op	     105 allocs/op
--- BENCH: BenchmarkPerformanceSubmissionReplay/crc/bytes=65536/initial-10
    performance_baseline_test.go:301: One op is a complete request lifecycle. Timed: codec/session/fixture creation, actual Session.Submit admission copy, pumps, EncodeMessage, real CRC/AEAD wire encode, peer decode/send validation, optional channel-forced fault + reconnect control + replay, small injected reply, completion ACK, snapshot, Stop. Excluded: connection establishment, authentication, sockets, inbound wire decode, OSD processing, backoff delays. MB/s counts outbound application payload across message sends, not control/wire bytes.
BenchmarkPerformanceSubmissionReplay/crc/bytes=65536/initial+replay-10 	     770	    159481 ns/op	 821.87 MB/s	         2.000 message-sends/op	         1.000 requests/op	  622335 B/op	     161 allocs/op
--- BENCH: BenchmarkPerformanceSubmissionReplay/crc/bytes=65536/initial+replay-10
    performance_baseline_test.go:301: One op is a complete request lifecycle. Timed: codec/session/fixture creation, actual Session.Submit admission copy, pumps, EncodeMessage, real CRC/AEAD wire encode, peer decode/send validation, optional channel-forced fault + reconnect control + replay, small injected reply, completion ACK, snapshot, Stop. Excluded: connection establishment, authentication, sockets, inbound wire decode, OSD processing, backoff delays. MB/s counts outbound application payload across message sends, not control/wire bytes.
BenchmarkPerformanceSubmissionReplay/crc/bytes=65536/initial+replay-10 	     782	    156825 ns/op	 835.78 MB/s	         2.000 message-sends/op	         1.000 requests/op	  622334 B/op	     161 allocs/op
--- BENCH: BenchmarkPerformanceSubmissionReplay/crc/bytes=65536/initial+replay-10
    performance_baseline_test.go:301: One op is a complete request lifecycle. Timed: codec/session/fixture creation, actual Session.Submit admission copy, pumps, EncodeMessage, real CRC/AEAD wire encode, peer decode/send validation, optional channel-forced fault + reconnect control + replay, small injected reply, completion ACK, snapshot, Stop. Excluded: connection establishment, authentication, sockets, inbound wire decode, OSD processing, backoff delays. MB/s counts outbound application payload across message sends, not control/wire bytes.
BenchmarkPerformanceSubmissionReplay/crc/bytes=65536/initial+replay-10 	     770	    157972 ns/op	 829.72 MB/s	         2.000 message-sends/op	         1.000 requests/op	  622366 B/op	     162 allocs/op
--- BENCH: BenchmarkPerformanceSubmissionReplay/crc/bytes=65536/initial+replay-10
    performance_baseline_test.go:301: One op is a complete request lifecycle. Timed: codec/session/fixture creation, actual Session.Submit admission copy, pumps, EncodeMessage, real CRC/AEAD wire encode, peer decode/send validation, optional channel-forced fault + reconnect control + replay, small injected reply, completion ACK, snapshot, Stop. Excluded: connection establishment, authentication, sockets, inbound wire decode, OSD processing, backoff delays. MB/s counts outbound application payload across message sends, not control/wire bytes.
BenchmarkPerformanceSubmissionReplay/crc/bytes=65536/initial+replay-10 	     766	    160667 ns/op	 815.80 MB/s	         2.000 message-sends/op	         1.000 requests/op	  622366 B/op	     162 allocs/op
--- BENCH: BenchmarkPerformanceSubmissionReplay/crc/bytes=65536/initial+replay-10
    performance_baseline_test.go:301: One op is a complete request lifecycle. Timed: codec/session/fixture creation, actual Session.Submit admission copy, pumps, EncodeMessage, real CRC/AEAD wire encode, peer decode/send validation, optional channel-forced fault + reconnect control + replay, small injected reply, completion ACK, snapshot, Stop. Excluded: connection establishment, authentication, sockets, inbound wire decode, OSD processing, backoff delays. MB/s counts outbound application payload across message sends, not control/wire bytes.
BenchmarkPerformanceSubmissionReplay/crc/bytes=65536/initial+replay-10 	     762	    158614 ns/op	 826.36 MB/s	         2.000 message-sends/op	         1.000 requests/op	  622332 B/op	     161 allocs/op
--- BENCH: BenchmarkPerformanceSubmissionReplay/crc/bytes=65536/initial+replay-10
    performance_baseline_test.go:301: One op is a complete request lifecycle. Timed: codec/session/fixture creation, actual Session.Submit admission copy, pumps, EncodeMessage, real CRC/AEAD wire encode, peer decode/send validation, optional channel-forced fault + reconnect control + replay, small injected reply, completion ACK, snapshot, Stop. Excluded: connection establishment, authentication, sockets, inbound wire decode, OSD processing, backoff delays. MB/s counts outbound application payload across message sends, not control/wire bytes.
BenchmarkPerformanceSubmissionReplay/crc/bytes=4194304/initial-10      	      51	   2220485 ns/op	1888.91 MB/s	         1.000 message-sends/op	         1.000 requests/op	20993333 B/op	     105 allocs/op
--- BENCH: BenchmarkPerformanceSubmissionReplay/crc/bytes=4194304/initial-10
    performance_baseline_test.go:301: One op is a complete request lifecycle. Timed: codec/session/fixture creation, actual Session.Submit admission copy, pumps, EncodeMessage, real CRC/AEAD wire encode, peer decode/send validation, optional channel-forced fault + reconnect control + replay, small injected reply, completion ACK, snapshot, Stop. Excluded: connection establishment, authentication, sockets, inbound wire decode, OSD processing, backoff delays. MB/s counts outbound application payload across message sends, not control/wire bytes.
BenchmarkPerformanceSubmissionReplay/crc/bytes=4194304/initial-10      	      49	   2192440 ns/op	1913.08 MB/s	         1.000 message-sends/op	         1.000 requests/op	20993383 B/op	     105 allocs/op
--- BENCH: BenchmarkPerformanceSubmissionReplay/crc/bytes=4194304/initial-10
    performance_baseline_test.go:301: One op is a complete request lifecycle. Timed: codec/session/fixture creation, actual Session.Submit admission copy, pumps, EncodeMessage, real CRC/AEAD wire encode, peer decode/send validation, optional channel-forced fault + reconnect control + replay, small injected reply, completion ACK, snapshot, Stop. Excluded: connection establishment, authentication, sockets, inbound wire decode, OSD processing, backoff delays. MB/s counts outbound application payload across message sends, not control/wire bytes.
BenchmarkPerformanceSubmissionReplay/crc/bytes=4194304/initial-10      	      46	   2259599 ns/op	1856.22 MB/s	         1.000 message-sends/op	         1.000 requests/op	20993333 B/op	     105 allocs/op
--- BENCH: BenchmarkPerformanceSubmissionReplay/crc/bytes=4194304/initial-10
    performance_baseline_test.go:301: One op is a complete request lifecycle. Timed: codec/session/fixture creation, actual Session.Submit admission copy, pumps, EncodeMessage, real CRC/AEAD wire encode, peer decode/send validation, optional channel-forced fault + reconnect control + replay, small injected reply, completion ACK, snapshot, Stop. Excluded: connection establishment, authentication, sockets, inbound wire decode, OSD processing, backoff delays. MB/s counts outbound application payload across message sends, not control/wire bytes.
BenchmarkPerformanceSubmissionReplay/crc/bytes=4194304/initial-10      	      50	   2319639 ns/op	1808.17 MB/s	         1.000 message-sends/op	         1.000 requests/op	20993424 B/op	     106 allocs/op
--- BENCH: BenchmarkPerformanceSubmissionReplay/crc/bytes=4194304/initial-10
    performance_baseline_test.go:301: One op is a complete request lifecycle. Timed: codec/session/fixture creation, actual Session.Submit admission copy, pumps, EncodeMessage, real CRC/AEAD wire encode, peer decode/send validation, optional channel-forced fault + reconnect control + replay, small injected reply, completion ACK, snapshot, Stop. Excluded: connection establishment, authentication, sockets, inbound wire decode, OSD processing, backoff delays. MB/s counts outbound application payload across message sends, not control/wire bytes.
BenchmarkPerformanceSubmissionReplay/crc/bytes=4194304/initial-10      	      46	   2220839 ns/op	1888.61 MB/s	         1.000 message-sends/op	         1.000 requests/op	20993321 B/op	     105 allocs/op
--- BENCH: BenchmarkPerformanceSubmissionReplay/crc/bytes=4194304/initial-10
    performance_baseline_test.go:301: One op is a complete request lifecycle. Timed: codec/session/fixture creation, actual Session.Submit admission copy, pumps, EncodeMessage, real CRC/AEAD wire encode, peer decode/send validation, optional channel-forced fault + reconnect control + replay, small injected reply, completion ACK, snapshot, Stop. Excluded: connection establishment, authentication, sockets, inbound wire decode, OSD processing, backoff delays. MB/s counts outbound application payload across message sends, not control/wire bytes.
BenchmarkPerformanceSubmissionReplay/crc/bytes=4194304/initial+replay-10         	      26	   4511715 ns/op	1859.29 MB/s	         2.000 message-sends/op	         1.000 requests/op	37781235 B/op	     161 allocs/op
--- BENCH: BenchmarkPerformanceSubmissionReplay/crc/bytes=4194304/initial+replay-10
    performance_baseline_test.go:301: One op is a complete request lifecycle. Timed: codec/session/fixture creation, actual Session.Submit admission copy, pumps, EncodeMessage, real CRC/AEAD wire encode, peer decode/send validation, optional channel-forced fault + reconnect control + replay, small injected reply, completion ACK, snapshot, Stop. Excluded: connection establishment, authentication, sockets, inbound wire decode, OSD processing, backoff delays. MB/s counts outbound application payload across message sends, not control/wire bytes.
BenchmarkPerformanceSubmissionReplay/crc/bytes=4194304/initial+replay-10         	      25	   4288117 ns/op	1956.25 MB/s	         2.000 message-sends/op	         1.000 requests/op	37781278 B/op	     161 allocs/op
--- BENCH: BenchmarkPerformanceSubmissionReplay/crc/bytes=4194304/initial+replay-10
    performance_baseline_test.go:301: One op is a complete request lifecycle. Timed: codec/session/fixture creation, actual Session.Submit admission copy, pumps, EncodeMessage, real CRC/AEAD wire encode, peer decode/send validation, optional channel-forced fault + reconnect control + replay, small injected reply, completion ACK, snapshot, Stop. Excluded: connection establishment, authentication, sockets, inbound wire decode, OSD processing, backoff delays. MB/s counts outbound application payload across message sends, not control/wire bytes.
BenchmarkPerformanceSubmissionReplay/crc/bytes=4194304/initial+replay-10         	      26	   4345922 ns/op	1930.23 MB/s	         2.000 message-sends/op	         1.000 requests/op	37781379 B/op	     162 allocs/op
--- BENCH: BenchmarkPerformanceSubmissionReplay/crc/bytes=4194304/initial+replay-10
    performance_baseline_test.go:301: One op is a complete request lifecycle. Timed: codec/session/fixture creation, actual Session.Submit admission copy, pumps, EncodeMessage, real CRC/AEAD wire encode, peer decode/send validation, optional channel-forced fault + reconnect control + replay, small injected reply, completion ACK, snapshot, Stop. Excluded: connection establishment, authentication, sockets, inbound wire decode, OSD processing, backoff delays. MB/s counts outbound application payload across message sends, not control/wire bytes.
BenchmarkPerformanceSubmissionReplay/crc/bytes=4194304/initial+replay-10         	      26	   4618042 ns/op	1816.49 MB/s	         2.000 message-sends/op	         1.000 requests/op	37781228 B/op	     161 allocs/op
--- BENCH: BenchmarkPerformanceSubmissionReplay/crc/bytes=4194304/initial+replay-10
    performance_baseline_test.go:301: One op is a complete request lifecycle. Timed: codec/session/fixture creation, actual Session.Submit admission copy, pumps, EncodeMessage, real CRC/AEAD wire encode, peer decode/send validation, optional channel-forced fault + reconnect control + replay, small injected reply, completion ACK, snapshot, Stop. Excluded: connection establishment, authentication, sockets, inbound wire decode, OSD processing, backoff delays. MB/s counts outbound application payload across message sends, not control/wire bytes.
BenchmarkPerformanceSubmissionReplay/crc/bytes=4194304/initial+replay-10         	      25	   4788148 ns/op	1751.95 MB/s	         2.000 message-sends/op	         1.000 requests/op	37781260 B/op	     161 allocs/op
--- BENCH: BenchmarkPerformanceSubmissionReplay/crc/bytes=4194304/initial+replay-10
    performance_baseline_test.go:301: One op is a complete request lifecycle. Timed: codec/session/fixture creation, actual Session.Submit admission copy, pumps, EncodeMessage, real CRC/AEAD wire encode, peer decode/send validation, optional channel-forced fault + reconnect control + replay, small injected reply, completion ACK, snapshot, Stop. Excluded: connection establishment, authentication, sockets, inbound wire decode, OSD processing, backoff delays. MB/s counts outbound application payload across message sends, not control/wire bytes.
BenchmarkPerformanceSubmissionReplay/secure/bytes=4096/initial-10                	    3661	     35023 ns/op	 116.95 MB/s	         1.000 message-sends/op	         1.000 requests/op	   36862 B/op	     117 allocs/op
--- BENCH: BenchmarkPerformanceSubmissionReplay/secure/bytes=4096/initial-10
    performance_baseline_test.go:301: One op is a complete request lifecycle. Timed: codec/session/fixture creation, actual Session.Submit admission copy, pumps, EncodeMessage, real CRC/AEAD wire encode, peer decode/send validation, optional channel-forced fault + reconnect control + replay, small injected reply, completion ACK, snapshot, Stop. Excluded: connection establishment, authentication, sockets, inbound wire decode, OSD processing, backoff delays. MB/s counts outbound application payload across message sends, not control/wire bytes.
BenchmarkPerformanceSubmissionReplay/secure/bytes=4096/initial-10                	    3283	     31242 ns/op	 131.10 MB/s	         1.000 message-sends/op	         1.000 requests/op	   36863 B/op	     117 allocs/op
--- BENCH: BenchmarkPerformanceSubmissionReplay/secure/bytes=4096/initial-10
    performance_baseline_test.go:301: One op is a complete request lifecycle. Timed: codec/session/fixture creation, actual Session.Submit admission copy, pumps, EncodeMessage, real CRC/AEAD wire encode, peer decode/send validation, optional channel-forced fault + reconnect control + replay, small injected reply, completion ACK, snapshot, Stop. Excluded: connection establishment, authentication, sockets, inbound wire decode, OSD processing, backoff delays. MB/s counts outbound application payload across message sends, not control/wire bytes.
BenchmarkPerformanceSubmissionReplay/secure/bytes=4096/initial-10                	    4323	     32029 ns/op	 127.88 MB/s	         1.000 message-sends/op	         1.000 requests/op	   36858 B/op	     117 allocs/op
--- BENCH: BenchmarkPerformanceSubmissionReplay/secure/bytes=4096/initial-10
    performance_baseline_test.go:301: One op is a complete request lifecycle. Timed: codec/session/fixture creation, actual Session.Submit admission copy, pumps, EncodeMessage, real CRC/AEAD wire encode, peer decode/send validation, optional channel-forced fault + reconnect control + replay, small injected reply, completion ACK, snapshot, Stop. Excluded: connection establishment, authentication, sockets, inbound wire decode, OSD processing, backoff delays. MB/s counts outbound application payload across message sends, not control/wire bytes.
BenchmarkPerformanceSubmissionReplay/secure/bytes=4096/initial-10                	    3792	     30968 ns/op	 132.27 MB/s	         1.000 message-sends/op	         1.000 requests/op	   36858 B/op	     117 allocs/op
--- BENCH: BenchmarkPerformanceSubmissionReplay/secure/bytes=4096/initial-10
    performance_baseline_test.go:301: One op is a complete request lifecycle. Timed: codec/session/fixture creation, actual Session.Submit admission copy, pumps, EncodeMessage, real CRC/AEAD wire encode, peer decode/send validation, optional channel-forced fault + reconnect control + replay, small injected reply, completion ACK, snapshot, Stop. Excluded: connection establishment, authentication, sockets, inbound wire decode, OSD processing, backoff delays. MB/s counts outbound application payload across message sends, not control/wire bytes.
BenchmarkPerformanceSubmissionReplay/secure/bytes=4096/initial-10                	    3709	     32067 ns/op	 127.73 MB/s	         1.000 message-sends/op	         1.000 requests/op	   36857 B/op	     117 allocs/op
--- BENCH: BenchmarkPerformanceSubmissionReplay/secure/bytes=4096/initial-10
    performance_baseline_test.go:301: One op is a complete request lifecycle. Timed: codec/session/fixture creation, actual Session.Submit admission copy, pumps, EncodeMessage, real CRC/AEAD wire encode, peer decode/send validation, optional channel-forced fault + reconnect control + replay, small injected reply, completion ACK, snapshot, Stop. Excluded: connection establishment, authentication, sockets, inbound wire decode, OSD processing, backoff delays. MB/s counts outbound application payload across message sends, not control/wire bytes.
BenchmarkPerformanceSubmissionReplay/secure/bytes=4096/initial+replay-10         	    2091	     57099 ns/op	 143.47 MB/s	         2.000 message-sends/op	         1.000 requests/op	   58379 B/op	     185 allocs/op
--- BENCH: BenchmarkPerformanceSubmissionReplay/secure/bytes=4096/initial+replay-10
    performance_baseline_test.go:301: One op is a complete request lifecycle. Timed: codec/session/fixture creation, actual Session.Submit admission copy, pumps, EncodeMessage, real CRC/AEAD wire encode, peer decode/send validation, optional channel-forced fault + reconnect control + replay, small injected reply, completion ACK, snapshot, Stop. Excluded: connection establishment, authentication, sockets, inbound wire decode, OSD processing, backoff delays. MB/s counts outbound application payload across message sends, not control/wire bytes.
BenchmarkPerformanceSubmissionReplay/secure/bytes=4096/initial+replay-10         	    2121	     55816 ns/op	 146.77 MB/s	         2.000 message-sends/op	         1.000 requests/op	   58378 B/op	     185 allocs/op
--- BENCH: BenchmarkPerformanceSubmissionReplay/secure/bytes=4096/initial+replay-10
    performance_baseline_test.go:301: One op is a complete request lifecycle. Timed: codec/session/fixture creation, actual Session.Submit admission copy, pumps, EncodeMessage, real CRC/AEAD wire encode, peer decode/send validation, optional channel-forced fault + reconnect control + replay, small injected reply, completion ACK, snapshot, Stop. Excluded: connection establishment, authentication, sockets, inbound wire decode, OSD processing, backoff delays. MB/s counts outbound application payload across message sends, not control/wire bytes.
BenchmarkPerformanceSubmissionReplay/secure/bytes=4096/initial+replay-10         	    2349	     56357 ns/op	 145.36 MB/s	         2.000 message-sends/op	         1.000 requests/op	   58377 B/op	     185 allocs/op
--- BENCH: BenchmarkPerformanceSubmissionReplay/secure/bytes=4096/initial+replay-10
    performance_baseline_test.go:301: One op is a complete request lifecycle. Timed: codec/session/fixture creation, actual Session.Submit admission copy, pumps, EncodeMessage, real CRC/AEAD wire encode, peer decode/send validation, optional channel-forced fault + reconnect control + replay, small injected reply, completion ACK, snapshot, Stop. Excluded: connection establishment, authentication, sockets, inbound wire decode, OSD processing, backoff delays. MB/s counts outbound application payload across message sends, not control/wire bytes.
BenchmarkPerformanceSubmissionReplay/secure/bytes=4096/initial+replay-10         	    2524	     56642 ns/op	 144.63 MB/s	         2.000 message-sends/op	         1.000 requests/op	   58374 B/op	     185 allocs/op
--- BENCH: BenchmarkPerformanceSubmissionReplay/secure/bytes=4096/initial+replay-10
    performance_baseline_test.go:301: One op is a complete request lifecycle. Timed: codec/session/fixture creation, actual Session.Submit admission copy, pumps, EncodeMessage, real CRC/AEAD wire encode, peer decode/send validation, optional channel-forced fault + reconnect control + replay, small injected reply, completion ACK, snapshot, Stop. Excluded: connection establishment, authentication, sockets, inbound wire decode, OSD processing, backoff delays. MB/s counts outbound application payload across message sends, not control/wire bytes.
BenchmarkPerformanceSubmissionReplay/secure/bytes=4096/initial+replay-10         	    2586	     54332 ns/op	 150.78 MB/s	         2.000 message-sends/op	         1.000 requests/op	   58375 B/op	     185 allocs/op
--- BENCH: BenchmarkPerformanceSubmissionReplay/secure/bytes=4096/initial+replay-10
    performance_baseline_test.go:301: One op is a complete request lifecycle. Timed: codec/session/fixture creation, actual Session.Submit admission copy, pumps, EncodeMessage, real CRC/AEAD wire encode, peer decode/send validation, optional channel-forced fault + reconnect control + replay, small injected reply, completion ACK, snapshot, Stop. Excluded: connection establishment, authentication, sockets, inbound wire decode, OSD processing, backoff delays. MB/s counts outbound application payload across message sends, not control/wire bytes.
BenchmarkPerformanceSubmissionReplay/secure/bytes=65536/initial-10               	    1212	     99867 ns/op	 656.23 MB/s	         1.000 message-sends/op	         1.000 requests/op	  297509 B/op	     117 allocs/op
--- BENCH: BenchmarkPerformanceSubmissionReplay/secure/bytes=65536/initial-10
    performance_baseline_test.go:301: One op is a complete request lifecycle. Timed: codec/session/fixture creation, actual Session.Submit admission copy, pumps, EncodeMessage, real CRC/AEAD wire encode, peer decode/send validation, optional channel-forced fault + reconnect control + replay, small injected reply, completion ACK, snapshot, Stop. Excluded: connection establishment, authentication, sockets, inbound wire decode, OSD processing, backoff delays. MB/s counts outbound application payload across message sends, not control/wire bytes.
BenchmarkPerformanceSubmissionReplay/secure/bytes=65536/initial-10               	    1183	    100200 ns/op	 654.05 MB/s	         1.000 message-sends/op	         1.000 requests/op	  297517 B/op	     117 allocs/op
--- BENCH: BenchmarkPerformanceSubmissionReplay/secure/bytes=65536/initial-10
    performance_baseline_test.go:301: One op is a complete request lifecycle. Timed: codec/session/fixture creation, actual Session.Submit admission copy, pumps, EncodeMessage, real CRC/AEAD wire encode, peer decode/send validation, optional channel-forced fault + reconnect control + replay, small injected reply, completion ACK, snapshot, Stop. Excluded: connection establishment, authentication, sockets, inbound wire decode, OSD processing, backoff delays. MB/s counts outbound application payload across message sends, not control/wire bytes.
BenchmarkPerformanceSubmissionReplay/secure/bytes=65536/initial-10               	    1192	     97094 ns/op	 674.98 MB/s	         1.000 message-sends/op	         1.000 requests/op	  297497 B/op	     117 allocs/op
--- BENCH: BenchmarkPerformanceSubmissionReplay/secure/bytes=65536/initial-10
    performance_baseline_test.go:301: One op is a complete request lifecycle. Timed: codec/session/fixture creation, actual Session.Submit admission copy, pumps, EncodeMessage, real CRC/AEAD wire encode, peer decode/send validation, optional channel-forced fault + reconnect control + replay, small injected reply, completion ACK, snapshot, Stop. Excluded: connection establishment, authentication, sockets, inbound wire decode, OSD processing, backoff delays. MB/s counts outbound application payload across message sends, not control/wire bytes.
BenchmarkPerformanceSubmissionReplay/secure/bytes=65536/initial-10               	    1214	     97743 ns/op	 670.50 MB/s	         1.000 message-sends/op	         1.000 requests/op	  297524 B/op	     117 allocs/op
--- BENCH: BenchmarkPerformanceSubmissionReplay/secure/bytes=65536/initial-10
    performance_baseline_test.go:301: One op is a complete request lifecycle. Timed: codec/session/fixture creation, actual Session.Submit admission copy, pumps, EncodeMessage, real CRC/AEAD wire encode, peer decode/send validation, optional channel-forced fault + reconnect control + replay, small injected reply, completion ACK, snapshot, Stop. Excluded: connection establishment, authentication, sockets, inbound wire decode, OSD processing, backoff delays. MB/s counts outbound application payload across message sends, not control/wire bytes.
BenchmarkPerformanceSubmissionReplay/secure/bytes=65536/initial-10               	    1264	    106654 ns/op	 614.48 MB/s	         1.000 message-sends/op	         1.000 requests/op	  297519 B/op	     117 allocs/op
--- BENCH: BenchmarkPerformanceSubmissionReplay/secure/bytes=65536/initial-10
    performance_baseline_test.go:301: One op is a complete request lifecycle. Timed: codec/session/fixture creation, actual Session.Submit admission copy, pumps, EncodeMessage, real CRC/AEAD wire encode, peer decode/send validation, optional channel-forced fault + reconnect control + replay, small injected reply, completion ACK, snapshot, Stop. Excluded: connection establishment, authentication, sockets, inbound wire decode, OSD processing, backoff delays. MB/s counts outbound application payload across message sends, not control/wire bytes.
BenchmarkPerformanceSubmissionReplay/secure/bytes=65536/initial+replay-10        	     606	    190217 ns/op	 689.06 MB/s	         2.000 message-sends/op	         1.000 requests/op	  518241 B/op	     185 allocs/op
--- BENCH: BenchmarkPerformanceSubmissionReplay/secure/bytes=65536/initial+replay-10
    performance_baseline_test.go:301: One op is a complete request lifecycle. Timed: codec/session/fixture creation, actual Session.Submit admission copy, pumps, EncodeMessage, real CRC/AEAD wire encode, peer decode/send validation, optional channel-forced fault + reconnect control + replay, small injected reply, completion ACK, snapshot, Stop. Excluded: connection establishment, authentication, sockets, inbound wire decode, OSD processing, backoff delays. MB/s counts outbound application payload across message sends, not control/wire bytes.
BenchmarkPerformanceSubmissionReplay/secure/bytes=65536/initial+replay-10        	     589	    187946 ns/op	 697.39 MB/s	         2.000 message-sends/op	         1.000 requests/op	  518221 B/op	     185 allocs/op
--- BENCH: BenchmarkPerformanceSubmissionReplay/secure/bytes=65536/initial+replay-10
    performance_baseline_test.go:301: One op is a complete request lifecycle. Timed: codec/session/fixture creation, actual Session.Submit admission copy, pumps, EncodeMessage, real CRC/AEAD wire encode, peer decode/send validation, optional channel-forced fault + reconnect control + replay, small injected reply, completion ACK, snapshot, Stop. Excluded: connection establishment, authentication, sockets, inbound wire decode, OSD processing, backoff delays. MB/s counts outbound application payload across message sends, not control/wire bytes.
BenchmarkPerformanceSubmissionReplay/secure/bytes=65536/initial+replay-10        	     646	    187494 ns/op	 699.07 MB/s	         2.000 message-sends/op	         1.000 requests/op	  518215 B/op	     185 allocs/op
--- BENCH: BenchmarkPerformanceSubmissionReplay/secure/bytes=65536/initial+replay-10
    performance_baseline_test.go:301: One op is a complete request lifecycle. Timed: codec/session/fixture creation, actual Session.Submit admission copy, pumps, EncodeMessage, real CRC/AEAD wire encode, peer decode/send validation, optional channel-forced fault + reconnect control + replay, small injected reply, completion ACK, snapshot, Stop. Excluded: connection establishment, authentication, sockets, inbound wire decode, OSD processing, backoff delays. MB/s counts outbound application payload across message sends, not control/wire bytes.
BenchmarkPerformanceSubmissionReplay/secure/bytes=65536/initial+replay-10        	     624	    196940 ns/op	 665.54 MB/s	         2.000 message-sends/op	         1.000 requests/op	  518203 B/op	     185 allocs/op
--- BENCH: BenchmarkPerformanceSubmissionReplay/secure/bytes=65536/initial+replay-10
    performance_baseline_test.go:301: One op is a complete request lifecycle. Timed: codec/session/fixture creation, actual Session.Submit admission copy, pumps, EncodeMessage, real CRC/AEAD wire encode, peer decode/send validation, optional channel-forced fault + reconnect control + replay, small injected reply, completion ACK, snapshot, Stop. Excluded: connection establishment, authentication, sockets, inbound wire decode, OSD processing, backoff delays. MB/s counts outbound application payload across message sends, not control/wire bytes.
BenchmarkPerformanceSubmissionReplay/secure/bytes=65536/initial+replay-10        	     600	    195918 ns/op	 669.02 MB/s	         2.000 message-sends/op	         1.000 requests/op	  518261 B/op	     186 allocs/op
--- BENCH: BenchmarkPerformanceSubmissionReplay/secure/bytes=65536/initial+replay-10
    performance_baseline_test.go:301: One op is a complete request lifecycle. Timed: codec/session/fixture creation, actual Session.Submit admission copy, pumps, EncodeMessage, real CRC/AEAD wire encode, peer decode/send validation, optional channel-forced fault + reconnect control + replay, small injected reply, completion ACK, snapshot, Stop. Excluded: connection establishment, authentication, sockets, inbound wire decode, OSD processing, backoff delays. MB/s counts outbound application payload across message sends, not control/wire bytes.
BenchmarkPerformanceSubmissionReplay/secure/bytes=4194304/initial-10             	      49	   2389381 ns/op	1755.39 MB/s	         1.000 message-sends/op	         1.000 requests/op	16812609 B/op	     117 allocs/op
--- BENCH: BenchmarkPerformanceSubmissionReplay/secure/bytes=4194304/initial-10
    performance_baseline_test.go:301: One op is a complete request lifecycle. Timed: codec/session/fixture creation, actual Session.Submit admission copy, pumps, EncodeMessage, real CRC/AEAD wire encode, peer decode/send validation, optional channel-forced fault + reconnect control + replay, small injected reply, completion ACK, snapshot, Stop. Excluded: connection establishment, authentication, sockets, inbound wire decode, OSD processing, backoff delays. MB/s counts outbound application payload across message sends, not control/wire bytes.
BenchmarkPerformanceSubmissionReplay/secure/bytes=4194304/initial-10             	      43	   2406815 ns/op	1742.68 MB/s	         1.000 message-sends/op	         1.000 requests/op	16812691 B/op	     118 allocs/op
--- BENCH: BenchmarkPerformanceSubmissionReplay/secure/bytes=4194304/initial-10
    performance_baseline_test.go:301: One op is a complete request lifecycle. Timed: codec/session/fixture creation, actual Session.Submit admission copy, pumps, EncodeMessage, real CRC/AEAD wire encode, peer decode/send validation, optional channel-forced fault + reconnect control + replay, small injected reply, completion ACK, snapshot, Stop. Excluded: connection establishment, authentication, sockets, inbound wire decode, OSD processing, backoff delays. MB/s counts outbound application payload across message sends, not control/wire bytes.
BenchmarkPerformanceSubmissionReplay/secure/bytes=4194304/initial-10             	      55	   2400433 ns/op	1747.31 MB/s	         1.000 message-sends/op	         1.000 requests/op	16812767 B/op	     119 allocs/op
--- BENCH: BenchmarkPerformanceSubmissionReplay/secure/bytes=4194304/initial-10
    performance_baseline_test.go:301: One op is a complete request lifecycle. Timed: codec/session/fixture creation, actual Session.Submit admission copy, pumps, EncodeMessage, real CRC/AEAD wire encode, peer decode/send validation, optional channel-forced fault + reconnect control + replay, small injected reply, completion ACK, snapshot, Stop. Excluded: connection establishment, authentication, sockets, inbound wire decode, OSD processing, backoff delays. MB/s counts outbound application payload across message sends, not control/wire bytes.
BenchmarkPerformanceSubmissionReplay/secure/bytes=4194304/initial-10             	      51	   2378172 ns/op	1763.67 MB/s	         1.000 message-sends/op	         1.000 requests/op	16812662 B/op	     118 allocs/op
--- BENCH: BenchmarkPerformanceSubmissionReplay/secure/bytes=4194304/initial-10
    performance_baseline_test.go:301: One op is a complete request lifecycle. Timed: codec/session/fixture creation, actual Session.Submit admission copy, pumps, EncodeMessage, real CRC/AEAD wire encode, peer decode/send validation, optional channel-forced fault + reconnect control + replay, small injected reply, completion ACK, snapshot, Stop. Excluded: connection establishment, authentication, sockets, inbound wire decode, OSD processing, backoff delays. MB/s counts outbound application payload across message sends, not control/wire bytes.
BenchmarkPerformanceSubmissionReplay/secure/bytes=4194304/initial-10             	      50	   2376088 ns/op	1765.21 MB/s	         1.000 message-sends/op	         1.000 requests/op	16812645 B/op	     118 allocs/op
--- BENCH: BenchmarkPerformanceSubmissionReplay/secure/bytes=4194304/initial-10
    performance_baseline_test.go:301: One op is a complete request lifecycle. Timed: codec/session/fixture creation, actual Session.Submit admission copy, pumps, EncodeMessage, real CRC/AEAD wire encode, peer decode/send validation, optional channel-forced fault + reconnect control + replay, small injected reply, completion ACK, snapshot, Stop. Excluded: connection establishment, authentication, sockets, inbound wire decode, OSD processing, backoff delays. MB/s counts outbound application payload across message sends, not control/wire bytes.
BenchmarkPerformanceSubmissionReplay/secure/bytes=4194304/initial+replay-10      	      22	   4801303 ns/op	1747.15 MB/s	         2.000 message-sends/op	         1.000 requests/op	29419567 B/op	     185 allocs/op
--- BENCH: BenchmarkPerformanceSubmissionReplay/secure/bytes=4194304/initial+replay-10
    performance_baseline_test.go:301: One op is a complete request lifecycle. Timed: codec/session/fixture creation, actual Session.Submit admission copy, pumps, EncodeMessage, real CRC/AEAD wire encode, peer decode/send validation, optional channel-forced fault + reconnect control + replay, small injected reply, completion ACK, snapshot, Stop. Excluded: connection establishment, authentication, sockets, inbound wire decode, OSD processing, backoff delays. MB/s counts outbound application payload across message sends, not control/wire bytes.
BenchmarkPerformanceSubmissionReplay/secure/bytes=4194304/initial+replay-10      	      22	   4708597 ns/op	1781.55 MB/s	         2.000 message-sends/op	         1.000 requests/op	29419723 B/op	     186 allocs/op
--- BENCH: BenchmarkPerformanceSubmissionReplay/secure/bytes=4194304/initial+replay-10
    performance_baseline_test.go:301: One op is a complete request lifecycle. Timed: codec/session/fixture creation, actual Session.Submit admission copy, pumps, EncodeMessage, real CRC/AEAD wire encode, peer decode/send validation, optional channel-forced fault + reconnect control + replay, small injected reply, completion ACK, snapshot, Stop. Excluded: connection establishment, authentication, sockets, inbound wire decode, OSD processing, backoff delays. MB/s counts outbound application payload across message sends, not control/wire bytes.
BenchmarkPerformanceSubmissionReplay/secure/bytes=4194304/initial+replay-10      	      27	   4409114 ns/op	1902.56 MB/s	         2.000 message-sends/op	         1.000 requests/op	29419644 B/op	     186 allocs/op
--- BENCH: BenchmarkPerformanceSubmissionReplay/secure/bytes=4194304/initial+replay-10
    performance_baseline_test.go:301: One op is a complete request lifecycle. Timed: codec/session/fixture creation, actual Session.Submit admission copy, pumps, EncodeMessage, real CRC/AEAD wire encode, peer decode/send validation, optional channel-forced fault + reconnect control + replay, small injected reply, completion ACK, snapshot, Stop. Excluded: connection establishment, authentication, sockets, inbound wire decode, OSD processing, backoff delays. MB/s counts outbound application payload across message sends, not control/wire bytes.
BenchmarkPerformanceSubmissionReplay/secure/bytes=4194304/initial+replay-10      	      26	   4371864 ns/op	1918.77 MB/s	         2.000 message-sends/op	         1.000 requests/op	29419761 B/op	     187 allocs/op
--- BENCH: BenchmarkPerformanceSubmissionReplay/secure/bytes=4194304/initial+replay-10
    performance_baseline_test.go:301: One op is a complete request lifecycle. Timed: codec/session/fixture creation, actual Session.Submit admission copy, pumps, EncodeMessage, real CRC/AEAD wire encode, peer decode/send validation, optional channel-forced fault + reconnect control + replay, small injected reply, completion ACK, snapshot, Stop. Excluded: connection establishment, authentication, sockets, inbound wire decode, OSD processing, backoff delays. MB/s counts outbound application payload across message sends, not control/wire bytes.
BenchmarkPerformanceSubmissionReplay/secure/bytes=4194304/initial+replay-10      	      26	   4607777 ns/op	1820.53 MB/s	         2.000 message-sends/op	         1.000 requests/op	29419872 B/op	     188 allocs/op
--- BENCH: BenchmarkPerformanceSubmissionReplay/secure/bytes=4194304/initial+replay-10
    performance_baseline_test.go:301: One op is a complete request lifecycle. Timed: codec/session/fixture creation, actual Session.Submit admission copy, pumps, EncodeMessage, real CRC/AEAD wire encode, peer decode/send validation, optional channel-forced fault + reconnect control + replay, small injected reply, completion ACK, snapshot, Stop. Excluded: connection establishment, authentication, sockets, inbound wire decode, OSD processing, backoff delays. MB/s counts outbound application payload across message sends, not control/wire bytes.
BenchmarkPerformanceIdleConnections/crc/connections=1-10                         	    1322	     81119 ns/op	         1.000 connections/op	    524288 reader-B/batch	    540376 retained-heap-B/batch	  543563 B/op	      51 allocs/op
--- BENCH: BenchmarkPerformanceIdleConnections/crc/connections=1-10
    performance_baseline_test.go:398: One op constructs, readies, snapshots, and stops a full idle connection batch: built-in 512KiB reader, codec and Session config(queue/in-flight=64,event-buffer=64), pumps plus channel-backed net.Conn. No sockets/connect/auth. B/op measures lifecycle allocations including fixture/synchronization. retained-heap-B/batch is a separate post-GC live HeapAlloc delta with fixtures kept alive; includes fixture/runtime heap noise, no harness subtraction; excludes stack-in-use and OS/RSS.
BenchmarkPerformanceIdleConnections/crc/connections=1-10                         	    1446	     81948 ns/op	         1.000 connections/op	    524288 reader-B/batch	    541576 retained-heap-B/batch	  543562 B/op	      51 allocs/op
--- BENCH: BenchmarkPerformanceIdleConnections/crc/connections=1-10
    performance_baseline_test.go:398: One op constructs, readies, snapshots, and stops a full idle connection batch: built-in 512KiB reader, codec and Session config(queue/in-flight=64,event-buffer=64), pumps plus channel-backed net.Conn. No sockets/connect/auth. B/op measures lifecycle allocations including fixture/synchronization. retained-heap-B/batch is a separate post-GC live HeapAlloc delta with fixtures kept alive; includes fixture/runtime heap noise, no harness subtraction; excludes stack-in-use and OS/RSS.
BenchmarkPerformanceIdleConnections/crc/connections=1-10                         	    1454	     85313 ns/op	         1.000 connections/op	    524288 reader-B/batch	    540008 retained-heap-B/batch	  543565 B/op	      51 allocs/op
--- BENCH: BenchmarkPerformanceIdleConnections/crc/connections=1-10
    performance_baseline_test.go:398: One op constructs, readies, snapshots, and stops a full idle connection batch: built-in 512KiB reader, codec and Session config(queue/in-flight=64,event-buffer=64), pumps plus channel-backed net.Conn. No sockets/connect/auth. B/op measures lifecycle allocations including fixture/synchronization. retained-heap-B/batch is a separate post-GC live HeapAlloc delta with fixtures kept alive; includes fixture/runtime heap noise, no harness subtraction; excludes stack-in-use and OS/RSS.
BenchmarkPerformanceIdleConnections/crc/connections=1-10                         	    1454	     89478 ns/op	         1.000 connections/op	    524288 reader-B/batch	    540376 retained-heap-B/batch	  543578 B/op	      51 allocs/op
--- BENCH: BenchmarkPerformanceIdleConnections/crc/connections=1-10
    performance_baseline_test.go:398: One op constructs, readies, snapshots, and stops a full idle connection batch: built-in 512KiB reader, codec and Session config(queue/in-flight=64,event-buffer=64), pumps plus channel-backed net.Conn. No sockets/connect/auth. B/op measures lifecycle allocations including fixture/synchronization. retained-heap-B/batch is a separate post-GC live HeapAlloc delta with fixtures kept alive; includes fixture/runtime heap noise, no harness subtraction; excludes stack-in-use and OS/RSS.
BenchmarkPerformanceIdleConnections/crc/connections=1-10                         	    1476	     85103 ns/op	         1.000 connections/op	    524288 reader-B/batch	    540232 retained-heap-B/batch	  543562 B/op	      51 allocs/op
--- BENCH: BenchmarkPerformanceIdleConnections/crc/connections=1-10
    performance_baseline_test.go:398: One op constructs, readies, snapshots, and stops a full idle connection batch: built-in 512KiB reader, codec and Session config(queue/in-flight=64,event-buffer=64), pumps plus channel-backed net.Conn. No sockets/connect/auth. B/op measures lifecycle allocations including fixture/synchronization. retained-heap-B/batch is a separate post-GC live HeapAlloc delta with fixtures kept alive; includes fixture/runtime heap noise, no harness subtraction; excludes stack-in-use and OS/RSS.
BenchmarkPerformanceIdleConnections/crc/connections=16-10                        	     147	    847506 ns/op	        16.00 connections/op	   8388608 reader-B/batch	   8675720 retained-heap-B/batch	 8689118 B/op	     716 allocs/op
--- BENCH: BenchmarkPerformanceIdleConnections/crc/connections=16-10
    performance_baseline_test.go:398: One op constructs, readies, snapshots, and stops a full idle connection batch: built-in 512KiB reader, codec and Session config(queue/in-flight=64,event-buffer=64), pumps plus channel-backed net.Conn. No sockets/connect/auth. B/op measures lifecycle allocations including fixture/synchronization. retained-heap-B/batch is a separate post-GC live HeapAlloc delta with fixtures kept alive; includes fixture/runtime heap noise, no harness subtraction; excludes stack-in-use and OS/RSS.
BenchmarkPerformanceIdleConnections/crc/connections=16-10                        	     142	    818185 ns/op	        16.00 connections/op	   8388608 reader-B/batch	   8674568 retained-heap-B/batch	 8688975 B/op	     716 allocs/op
--- BENCH: BenchmarkPerformanceIdleConnections/crc/connections=16-10
    performance_baseline_test.go:398: One op constructs, readies, snapshots, and stops a full idle connection batch: built-in 512KiB reader, codec and Session config(queue/in-flight=64,event-buffer=64), pumps plus channel-backed net.Conn. No sockets/connect/auth. B/op measures lifecycle allocations including fixture/synchronization. retained-heap-B/batch is a separate post-GC live HeapAlloc delta with fixtures kept alive; includes fixture/runtime heap noise, no harness subtraction; excludes stack-in-use and OS/RSS.
BenchmarkPerformanceIdleConnections/crc/connections=16-10                        	     135	    852497 ns/op	        16.00 connections/op	   8388608 reader-B/batch	   8680088 retained-heap-B/batch	 8689760 B/op	     723 allocs/op
--- BENCH: BenchmarkPerformanceIdleConnections/crc/connections=16-10
    performance_baseline_test.go:398: One op constructs, readies, snapshots, and stops a full idle connection batch: built-in 512KiB reader, codec and Session config(queue/in-flight=64,event-buffer=64), pumps plus channel-backed net.Conn. No sockets/connect/auth. B/op measures lifecycle allocations including fixture/synchronization. retained-heap-B/batch is a separate post-GC live HeapAlloc delta with fixtures kept alive; includes fixture/runtime heap noise, no harness subtraction; excludes stack-in-use and OS/RSS.
BenchmarkPerformanceIdleConnections/crc/connections=16-10                        	     174	    755248 ns/op	        16.00 connections/op	   8388608 reader-B/batch	   8676968 retained-heap-B/batch	 8688903 B/op	     715 allocs/op
--- BENCH: BenchmarkPerformanceIdleConnections/crc/connections=16-10
    performance_baseline_test.go:398: One op constructs, readies, snapshots, and stops a full idle connection batch: built-in 512KiB reader, codec and Session config(queue/in-flight=64,event-buffer=64), pumps plus channel-backed net.Conn. No sockets/connect/auth. B/op measures lifecycle allocations including fixture/synchronization. retained-heap-B/batch is a separate post-GC live HeapAlloc delta with fixtures kept alive; includes fixture/runtime heap noise, no harness subtraction; excludes stack-in-use and OS/RSS.
BenchmarkPerformanceIdleConnections/crc/connections=16-10                        	     145	    831031 ns/op	        16.00 connections/op	   8388608 reader-B/batch	   8671928 retained-heap-B/batch	 8689338 B/op	     719 allocs/op
--- BENCH: BenchmarkPerformanceIdleConnections/crc/connections=16-10
    performance_baseline_test.go:398: One op constructs, readies, snapshots, and stops a full idle connection batch: built-in 512KiB reader, codec and Session config(queue/in-flight=64,event-buffer=64), pumps plus channel-backed net.Conn. No sockets/connect/auth. B/op measures lifecycle allocations including fixture/synchronization. retained-heap-B/batch is a separate post-GC live HeapAlloc delta with fixtures kept alive; includes fixture/runtime heap noise, no harness subtraction; excludes stack-in-use and OS/RSS.
BenchmarkPerformanceIdleConnections/crc/connections=128-10                       	      37	   4354428 ns/op	       128.0 connections/op	  67108864 reader-B/batch	  69623320 retained-heap-B/batch	69537478 B/op	    5969 allocs/op
--- BENCH: BenchmarkPerformanceIdleConnections/crc/connections=128-10
    performance_baseline_test.go:398: One op constructs, readies, snapshots, and stops a full idle connection batch: built-in 512KiB reader, codec and Session config(queue/in-flight=64,event-buffer=64), pumps plus channel-backed net.Conn. No sockets/connect/auth. B/op measures lifecycle allocations including fixture/synchronization. retained-heap-B/batch is a separate post-GC live HeapAlloc delta with fixtures kept alive; includes fixture/runtime heap noise, no harness subtraction; excludes stack-in-use and OS/RSS.
BenchmarkPerformanceIdleConnections/crc/connections=128-10                       	      26	   4532694 ns/op	       128.0 connections/op	  67108864 reader-B/batch	  69499176 retained-heap-B/batch	69539332 B/op	    5998 allocs/op
--- BENCH: BenchmarkPerformanceIdleConnections/crc/connections=128-10
    performance_baseline_test.go:398: One op constructs, readies, snapshots, and stops a full idle connection batch: built-in 512KiB reader, codec and Session config(queue/in-flight=64,event-buffer=64), pumps plus channel-backed net.Conn. No sockets/connect/auth. B/op measures lifecycle allocations including fixture/synchronization. retained-heap-B/batch is a separate post-GC live HeapAlloc delta with fixtures kept alive; includes fixture/runtime heap noise, no harness subtraction; excludes stack-in-use and OS/RSS.
BenchmarkPerformanceIdleConnections/crc/connections=128-10                       	      26	   4559446 ns/op	       128.0 connections/op	  67108864 reader-B/batch	  69513640 retained-heap-B/batch	69538739 B/op	    5992 allocs/op
--- BENCH: BenchmarkPerformanceIdleConnections/crc/connections=128-10
    performance_baseline_test.go:398: One op constructs, readies, snapshots, and stops a full idle connection batch: built-in 512KiB reader, codec and Session config(queue/in-flight=64,event-buffer=64), pumps plus channel-backed net.Conn. No sockets/connect/auth. B/op measures lifecycle allocations including fixture/synchronization. retained-heap-B/batch is a separate post-GC live HeapAlloc delta with fixtures kept alive; includes fixture/runtime heap noise, no harness subtraction; excludes stack-in-use and OS/RSS.
BenchmarkPerformanceIdleConnections/crc/connections=128-10                       	      26	   4368755 ns/op	       128.0 connections/op	  67108864 reader-B/batch	  69517384 retained-heap-B/batch	69535491 B/op	    5963 allocs/op
--- BENCH: BenchmarkPerformanceIdleConnections/crc/connections=128-10
    performance_baseline_test.go:398: One op constructs, readies, snapshots, and stops a full idle connection batch: built-in 512KiB reader, codec and Session config(queue/in-flight=64,event-buffer=64), pumps plus channel-backed net.Conn. No sockets/connect/auth. B/op measures lifecycle allocations including fixture/synchronization. retained-heap-B/batch is a separate post-GC live HeapAlloc delta with fixtures kept alive; includes fixture/runtime heap noise, no harness subtraction; excludes stack-in-use and OS/RSS.
BenchmarkPerformanceIdleConnections/crc/connections=128-10                       	      27	   4463454 ns/op	       128.0 connections/op	  67108864 reader-B/batch	  69516312 retained-heap-B/batch	69538464 B/op	    5990 allocs/op
--- BENCH: BenchmarkPerformanceIdleConnections/crc/connections=128-10
    performance_baseline_test.go:398: One op constructs, readies, snapshots, and stops a full idle connection batch: built-in 512KiB reader, codec and Session config(queue/in-flight=64,event-buffer=64), pumps plus channel-backed net.Conn. No sockets/connect/auth. B/op measures lifecycle allocations including fixture/synchronization. retained-heap-B/batch is a separate post-GC live HeapAlloc delta with fixtures kept alive; includes fixture/runtime heap noise, no harness subtraction; excludes stack-in-use and OS/RSS.
BenchmarkPerformanceIdleConnections/secure/connections=1-10                      	    1207	     96372 ns/op	         1.000 connections/op	    524288 reader-B/batch	    543304 retained-heap-B/batch	  546298 B/op	      58 allocs/op
--- BENCH: BenchmarkPerformanceIdleConnections/secure/connections=1-10
    performance_baseline_test.go:398: One op constructs, readies, snapshots, and stops a full idle connection batch: built-in 512KiB reader, codec and Session config(queue/in-flight=64,event-buffer=64), pumps plus channel-backed net.Conn. No sockets/connect/auth. B/op measures lifecycle allocations including fixture/synchronization. retained-heap-B/batch is a separate post-GC live HeapAlloc delta with fixtures kept alive; includes fixture/runtime heap noise, no harness subtraction; excludes stack-in-use and OS/RSS.
BenchmarkPerformanceIdleConnections/secure/connections=1-10                      	    1162	    101295 ns/op	         1.000 connections/op	    524288 reader-B/batch	    542088 retained-heap-B/batch	  546322 B/op	      58 allocs/op
--- BENCH: BenchmarkPerformanceIdleConnections/secure/connections=1-10
    performance_baseline_test.go:398: One op constructs, readies, snapshots, and stops a full idle connection batch: built-in 512KiB reader, codec and Session config(queue/in-flight=64,event-buffer=64), pumps plus channel-backed net.Conn. No sockets/connect/auth. B/op measures lifecycle allocations including fixture/synchronization. retained-heap-B/batch is a separate post-GC live HeapAlloc delta with fixtures kept alive; includes fixture/runtime heap noise, no harness subtraction; excludes stack-in-use and OS/RSS.
BenchmarkPerformanceIdleConnections/secure/connections=1-10                      	    1264	    100324 ns/op	         1.000 connections/op	    524288 reader-B/batch	    541944 retained-heap-B/batch	  546320 B/op	      58 allocs/op
--- BENCH: BenchmarkPerformanceIdleConnections/secure/connections=1-10
    performance_baseline_test.go:398: One op constructs, readies, snapshots, and stops a full idle connection batch: built-in 512KiB reader, codec and Session config(queue/in-flight=64,event-buffer=64), pumps plus channel-backed net.Conn. No sockets/connect/auth. B/op measures lifecycle allocations including fixture/synchronization. retained-heap-B/batch is a separate post-GC live HeapAlloc delta with fixtures kept alive; includes fixture/runtime heap noise, no harness subtraction; excludes stack-in-use and OS/RSS.
BenchmarkPerformanceIdleConnections/secure/connections=1-10                      	    1237	    100392 ns/op	         1.000 connections/op	    524288 reader-B/batch	    542088 retained-heap-B/batch	  546316 B/op	      58 allocs/op
--- BENCH: BenchmarkPerformanceIdleConnections/secure/connections=1-10
    performance_baseline_test.go:398: One op constructs, readies, snapshots, and stops a full idle connection batch: built-in 512KiB reader, codec and Session config(queue/in-flight=64,event-buffer=64), pumps plus channel-backed net.Conn. No sockets/connect/auth. B/op measures lifecycle allocations including fixture/synchronization. retained-heap-B/batch is a separate post-GC live HeapAlloc delta with fixtures kept alive; includes fixture/runtime heap noise, no harness subtraction; excludes stack-in-use and OS/RSS.
BenchmarkPerformanceIdleConnections/secure/connections=1-10                      	    1110	    100913 ns/op	         1.000 connections/op	    524288 reader-B/batch	    542088 retained-heap-B/batch	  546318 B/op	      58 allocs/op
--- BENCH: BenchmarkPerformanceIdleConnections/secure/connections=1-10
    performance_baseline_test.go:398: One op constructs, readies, snapshots, and stops a full idle connection batch: built-in 512KiB reader, codec and Session config(queue/in-flight=64,event-buffer=64), pumps plus channel-backed net.Conn. No sockets/connect/auth. B/op measures lifecycle allocations including fixture/synchronization. retained-heap-B/batch is a separate post-GC live HeapAlloc delta with fixtures kept alive; includes fixture/runtime heap noise, no harness subtraction; excludes stack-in-use and OS/RSS.
BenchmarkPerformanceIdleConnections/secure/connections=16-10                     	     128	    912282 ns/op	        16.00 connections/op	   8388608 reader-B/batch	   8707320 retained-heap-B/batch	 8733397 B/op	     834 allocs/op
--- BENCH: BenchmarkPerformanceIdleConnections/secure/connections=16-10
    performance_baseline_test.go:398: One op constructs, readies, snapshots, and stops a full idle connection batch: built-in 512KiB reader, codec and Session config(queue/in-flight=64,event-buffer=64), pumps plus channel-backed net.Conn. No sockets/connect/auth. B/op measures lifecycle allocations including fixture/synchronization. retained-heap-B/batch is a separate post-GC live HeapAlloc delta with fixtures kept alive; includes fixture/runtime heap noise, no harness subtraction; excludes stack-in-use and OS/RSS.
BenchmarkPerformanceIdleConnections/secure/connections=16-10                     	     133	    901066 ns/op	        16.00 connections/op	   8388608 reader-B/batch	   8704872 retained-heap-B/batch	 8733212 B/op	     832 allocs/op
--- BENCH: BenchmarkPerformanceIdleConnections/secure/connections=16-10
    performance_baseline_test.go:398: One op constructs, readies, snapshots, and stops a full idle connection batch: built-in 512KiB reader, codec and Session config(queue/in-flight=64,event-buffer=64), pumps plus channel-backed net.Conn. No sockets/connect/auth. B/op measures lifecycle allocations including fixture/synchronization. retained-heap-B/batch is a separate post-GC live HeapAlloc delta with fixtures kept alive; includes fixture/runtime heap noise, no harness subtraction; excludes stack-in-use and OS/RSS.
BenchmarkPerformanceIdleConnections/secure/connections=16-10                     	     130	    905233 ns/op	        16.00 connections/op	   8388608 reader-B/batch	   8704040 retained-heap-B/batch	 8733862 B/op	     838 allocs/op
--- BENCH: BenchmarkPerformanceIdleConnections/secure/connections=16-10
    performance_baseline_test.go:398: One op constructs, readies, snapshots, and stops a full idle connection batch: built-in 512KiB reader, codec and Session config(queue/in-flight=64,event-buffer=64), pumps plus channel-backed net.Conn. No sockets/connect/auth. B/op measures lifecycle allocations including fixture/synchronization. retained-heap-B/batch is a separate post-GC live HeapAlloc delta with fixtures kept alive; includes fixture/runtime heap noise, no harness subtraction; excludes stack-in-use and OS/RSS.
BenchmarkPerformanceIdleConnections/secure/connections=16-10                     	     147	    771903 ns/op	        16.00 connections/op	   8388608 reader-B/batch	   8710840 retained-heap-B/batch	 8732586 B/op	     827 allocs/op
--- BENCH: BenchmarkPerformanceIdleConnections/secure/connections=16-10
    performance_baseline_test.go:398: One op constructs, readies, snapshots, and stops a full idle connection batch: built-in 512KiB reader, codec and Session config(queue/in-flight=64,event-buffer=64), pumps plus channel-backed net.Conn. No sockets/connect/auth. B/op measures lifecycle allocations including fixture/synchronization. retained-heap-B/batch is a separate post-GC live HeapAlloc delta with fixtures kept alive; includes fixture/runtime heap noise, no harness subtraction; excludes stack-in-use and OS/RSS.
BenchmarkPerformanceIdleConnections/secure/connections=16-10                     	     138	    837888 ns/op	        16.00 connections/op	   8388608 reader-B/batch	   8708264 retained-heap-B/batch	 8733054 B/op	     831 allocs/op
--- BENCH: BenchmarkPerformanceIdleConnections/secure/connections=16-10
    performance_baseline_test.go:398: One op constructs, readies, snapshots, and stops a full idle connection batch: built-in 512KiB reader, codec and Session config(queue/in-flight=64,event-buffer=64), pumps plus channel-backed net.Conn. No sockets/connect/auth. B/op measures lifecycle allocations including fixture/synchronization. retained-heap-B/batch is a separate post-GC live HeapAlloc delta with fixtures kept alive; includes fixture/runtime heap noise, no harness subtraction; excludes stack-in-use and OS/RSS.
BenchmarkPerformanceIdleConnections/secure/connections=128-10                    	      25	   4764483 ns/op	       128.0 connections/op	  67108864 reader-B/batch	  69725864 retained-heap-B/batch	69900346 B/op	    6990 allocs/op
--- BENCH: BenchmarkPerformanceIdleConnections/secure/connections=128-10
    performance_baseline_test.go:398: One op constructs, readies, snapshots, and stops a full idle connection batch: built-in 512KiB reader, codec and Session config(queue/in-flight=64,event-buffer=64), pumps plus channel-backed net.Conn. No sockets/connect/auth. B/op measures lifecycle allocations including fixture/synchronization. retained-heap-B/batch is a separate post-GC live HeapAlloc delta with fixtures kept alive; includes fixture/runtime heap noise, no harness subtraction; excludes stack-in-use and OS/RSS.
BenchmarkPerformanceIdleConnections/secure/connections=128-10                    	      24	   4641545 ns/op	       128.0 connections/op	  67108864 reader-B/batch	  69715944 retained-heap-B/batch	69896209 B/op	    6953 allocs/op
--- BENCH: BenchmarkPerformanceIdleConnections/secure/connections=128-10
    performance_baseline_test.go:398: One op constructs, readies, snapshots, and stops a full idle connection batch: built-in 512KiB reader, codec and Session config(queue/in-flight=64,event-buffer=64), pumps plus channel-backed net.Conn. No sockets/connect/auth. B/op measures lifecycle allocations including fixture/synchronization. retained-heap-B/batch is a separate post-GC live HeapAlloc delta with fixtures kept alive; includes fixture/runtime heap noise, no harness subtraction; excludes stack-in-use and OS/RSS.
BenchmarkPerformanceIdleConnections/secure/connections=128-10                    	      25	   4613207 ns/op	       128.0 connections/op	  67108864 reader-B/batch	  69710152 retained-heap-B/batch	69897141 B/op	    6961 allocs/op
--- BENCH: BenchmarkPerformanceIdleConnections/secure/connections=128-10
    performance_baseline_test.go:398: One op constructs, readies, snapshots, and stops a full idle connection batch: built-in 512KiB reader, codec and Session config(queue/in-flight=64,event-buffer=64), pumps plus channel-backed net.Conn. No sockets/connect/auth. B/op measures lifecycle allocations including fixture/synchronization. retained-heap-B/batch is a separate post-GC live HeapAlloc delta with fixtures kept alive; includes fixture/runtime heap noise, no harness subtraction; excludes stack-in-use and OS/RSS.
BenchmarkPerformanceIdleConnections/secure/connections=128-10                    	      26	   4232103 ns/op	       128.0 connections/op	  67108864 reader-B/batch	  69731528 retained-heap-B/batch	69885264 B/op	    6856 allocs/op
--- BENCH: BenchmarkPerformanceIdleConnections/secure/connections=128-10
    performance_baseline_test.go:398: One op constructs, readies, snapshots, and stops a full idle connection batch: built-in 512KiB reader, codec and Session config(queue/in-flight=64,event-buffer=64), pumps plus channel-backed net.Conn. No sockets/connect/auth. B/op measures lifecycle allocations including fixture/synchronization. retained-heap-B/batch is a separate post-GC live HeapAlloc delta with fixtures kept alive; includes fixture/runtime heap noise, no harness subtraction; excludes stack-in-use and OS/RSS.
BenchmarkPerformanceIdleConnections/secure/connections=128-10                    	      24	   4541082 ns/op	       128.0 connections/op	  67108864 reader-B/batch	  69722408 retained-heap-B/batch	69889182 B/op	    6890 allocs/op
--- BENCH: BenchmarkPerformanceIdleConnections/secure/connections=128-10
    performance_baseline_test.go:398: One op constructs, readies, snapshots, and stops a full idle connection batch: built-in 512KiB reader, codec and Session config(queue/in-flight=64,event-buffer=64), pumps plus channel-backed net.Conn. No sockets/connect/auth. B/op measures lifecycle allocations including fixture/synchronization. retained-heap-B/batch is a separate post-GC live HeapAlloc delta with fixtures kept alive; includes fixture/runtime heap noise, no harness subtraction; excludes stack-in-use and OS/RSS.
PASS
ok  	github.com/otuschhoff/rados-go/internal/msgr	16.155s
