goos: darwin
goarch: arm64
pkg: github.com/otuschhoff/rados-go/internal/maps
cpu: Apple M1 Max
BenchmarkPerformancePlacement/UnrelatedBuckets=0-10         	   70148	      1653 ns/op	         3.000 buckets	      4100 osds	       231.0 topology-B	    1352 B/op	      18 allocs/op
BenchmarkPerformancePlacement/UnrelatedBuckets=0-10         	   71457	      1691 ns/op	         3.000 buckets	      4100 osds	       231.0 topology-B	    1352 B/op	      18 allocs/op
BenchmarkPerformancePlacement/UnrelatedBuckets=0-10         	   70827	      1816 ns/op	         3.000 buckets	      4100 osds	       231.0 topology-B	    1352 B/op	      18 allocs/op
BenchmarkPerformancePlacement/UnrelatedBuckets=0-10         	   70417	      1676 ns/op	         3.000 buckets	      4100 osds	       231.0 topology-B	    1352 B/op	      18 allocs/op
BenchmarkPerformancePlacement/UnrelatedBuckets=0-10         	   69882	      1794 ns/op	         3.000 buckets	      4100 osds	       231.0 topology-B	    1352 B/op	      18 allocs/op
BenchmarkPerformancePlacement/UnrelatedBuckets=64-10        	    9609	     14694 ns/op	        67.00 buckets	      4100 osds	      2023 topology-B	   27376 B/op	     167 allocs/op
BenchmarkPerformancePlacement/UnrelatedBuckets=64-10        	    9108	     14751 ns/op	        67.00 buckets	      4100 osds	      2023 topology-B	   27376 B/op	     167 allocs/op
BenchmarkPerformancePlacement/UnrelatedBuckets=64-10        	    9126	     14662 ns/op	        67.00 buckets	      4100 osds	      2023 topology-B	   27376 B/op	     167 allocs/op
BenchmarkPerformancePlacement/UnrelatedBuckets=64-10        	    9602	     14665 ns/op	        67.00 buckets	      4100 osds	      2023 topology-B	   27376 B/op	     167 allocs/op
BenchmarkPerformancePlacement/UnrelatedBuckets=64-10        	    9097	     15876 ns/op	        67.00 buckets	      4100 osds	      2023 topology-B	   27376 B/op	     167 allocs/op
BenchmarkPerformancePlacement/UnrelatedBuckets=1024-10      	     578	    212539 ns/op	      1027 buckets	      4100 osds	     28903 topology-B	  445892 B/op	    2106 allocs/op
BenchmarkPerformancePlacement/UnrelatedBuckets=1024-10      	     562	    215964 ns/op	      1027 buckets	      4100 osds	     28903 topology-B	  445892 B/op	    2106 allocs/op
BenchmarkPerformancePlacement/UnrelatedBuckets=1024-10      	     550	    228214 ns/op	      1027 buckets	      4100 osds	     28903 topology-B	  445891 B/op	    2106 allocs/op
BenchmarkPerformancePlacement/UnrelatedBuckets=1024-10      	     577	    208122 ns/op	      1027 buckets	      4100 osds	     28903 topology-B	  445890 B/op	    2106 allocs/op
BenchmarkPerformancePlacement/UnrelatedBuckets=1024-10      	     529	    220070 ns/op	      1027 buckets	      4100 osds	     28903 topology-B	  445892 B/op	    2106 allocs/op
BenchmarkPerformancePlacement/UnrelatedBuckets=4096-10      	     128	   1005874 ns/op	      4099 buckets	      4100 osds	    114919 topology-B	 1789810 B/op	    8324 allocs/op
BenchmarkPerformancePlacement/UnrelatedBuckets=4096-10      	     129	    977086 ns/op	      4099 buckets	      4100 osds	    114919 topology-B	 1789812 B/op	    8324 allocs/op
BenchmarkPerformancePlacement/UnrelatedBuckets=4096-10      	     123	    940159 ns/op	      4099 buckets	      4100 osds	    114919 topology-B	 1789814 B/op	    8324 allocs/op
BenchmarkPerformancePlacement/UnrelatedBuckets=4096-10      	     123	    924660 ns/op	      4099 buckets	      4100 osds	    114919 topology-B	 1789810 B/op	    8324 allocs/op
BenchmarkPerformancePlacement/UnrelatedBuckets=4096-10      	     129	    924413 ns/op	      4099 buckets	      4100 osds	    114919 topology-B	 1789813 B/op	    8324 allocs/op
BenchmarkPerformanceIncremental/OSDs=4/OverridePGs=0-10     	   81480	      1526 ns/op	        48.00 osd-scalar-B	         4.000 osds	         0 override-entries	         0 override-pgs	         0 override-value-B	        64.00 socket-B	       231.0 topology-B	    3552 B/op	      34 allocs/op
BenchmarkPerformanceIncremental/OSDs=4/OverridePGs=0-10     	   75608	      1487 ns/op	        48.00 osd-scalar-B	         4.000 osds	         0 override-entries	         0 override-pgs	         0 override-value-B	        64.00 socket-B	       231.0 topology-B	    3552 B/op	      34 allocs/op
BenchmarkPerformanceIncremental/OSDs=4/OverridePGs=0-10     	   85473	      1433 ns/op	        48.00 osd-scalar-B	         4.000 osds	         0 override-entries	         0 override-pgs	         0 override-value-B	        64.00 socket-B	       231.0 topology-B	    3552 B/op	      34 allocs/op
BenchmarkPerformanceIncremental/OSDs=4/OverridePGs=0-10     	   86110	      1425 ns/op	        48.00 osd-scalar-B	         4.000 osds	         0 override-entries	         0 override-pgs	         0 override-value-B	        64.00 socket-B	       231.0 topology-B	    3552 B/op	      34 allocs/op
BenchmarkPerformanceIncremental/OSDs=4/OverridePGs=0-10     	   85285	      1517 ns/op	        48.00 osd-scalar-B	         4.000 osds	         0 override-entries	         0 override-pgs	         0 override-value-B	        64.00 socket-B	       231.0 topology-B	    3552 B/op	      34 allocs/op
BenchmarkPerformanceIncremental/OSDs=64/OverridePGs=0-10    	   32521	      3730 ns/op	       768.0 osd-scalar-B	        64.00 osds	         0 override-entries	         0 override-pgs	         0 override-value-B	      1024 socket-B	       231.0 topology-B	    9808 B/op	     154 allocs/op
BenchmarkPerformanceIncremental/OSDs=64/OverridePGs=0-10    	   33529	      3678 ns/op	       768.0 osd-scalar-B	        64.00 osds	         0 override-entries	         0 override-pgs	         0 override-value-B	      1024 socket-B	       231.0 topology-B	    9808 B/op	     154 allocs/op
BenchmarkPerformanceIncremental/OSDs=64/OverridePGs=0-10    	   31465	      3647 ns/op	       768.0 osd-scalar-B	        64.00 osds	         0 override-entries	         0 override-pgs	         0 override-value-B	      1024 socket-B	       231.0 topology-B	    9808 B/op	     154 allocs/op
BenchmarkPerformanceIncremental/OSDs=64/OverridePGs=0-10    	   31437	      3677 ns/op	       768.0 osd-scalar-B	        64.00 osds	         0 override-entries	         0 override-pgs	         0 override-value-B	      1024 socket-B	       231.0 topology-B	    9808 B/op	     154 allocs/op
BenchmarkPerformanceIncremental/OSDs=64/OverridePGs=0-10    	   32998	      3763 ns/op	       768.0 osd-scalar-B	        64.00 osds	         0 override-entries	         0 override-pgs	         0 override-value-B	      1024 socket-B	       231.0 topology-B	    9808 B/op	     154 allocs/op
BenchmarkPerformanceIncremental/OSDs=1024/OverridePGs=0-10  	    3104	     38794 ns/op	     12288 osd-scalar-B	      1024 osds	         0 override-entries	         0 override-pgs	         0 override-value-B	     16384 socket-B	       231.0 topology-B	  108240 B/op	    2074 allocs/op
BenchmarkPerformanceIncremental/OSDs=1024/OverridePGs=0-10  	    3140	     39037 ns/op	     12288 osd-scalar-B	      1024 osds	         0 override-entries	         0 override-pgs	         0 override-value-B	     16384 socket-B	       231.0 topology-B	  108240 B/op	    2074 allocs/op
BenchmarkPerformanceIncremental/OSDs=1024/OverridePGs=0-10  	    3183	     37615 ns/op	     12288 osd-scalar-B	      1024 osds	         0 override-entries	         0 override-pgs	         0 override-value-B	     16384 socket-B	       231.0 topology-B	  108240 B/op	    2074 allocs/op
BenchmarkPerformanceIncremental/OSDs=1024/OverridePGs=0-10  	    3253	     37020 ns/op	     12288 osd-scalar-B	      1024 osds	         0 override-entries	         0 override-pgs	         0 override-value-B	     16384 socket-B	       231.0 topology-B	  108240 B/op	    2074 allocs/op
BenchmarkPerformanceIncremental/OSDs=1024/OverridePGs=0-10  	    3285	     37272 ns/op	     12288 osd-scalar-B	      1024 osds	         0 override-entries	         0 override-pgs	         0 override-value-B	     16384 socket-B	       231.0 topology-B	  108241 B/op	    2074 allocs/op
BenchmarkPerformanceIncremental/OSDs=4096/OverridePGs=0-10  	     747	    155039 ns/op	     49152 osd-scalar-B	      4096 osds	         0 override-entries	         0 override-pgs	         0 override-value-B	     65536 socket-B	       231.0 topology-B	  412753 B/op	    8218 allocs/op
BenchmarkPerformanceIncremental/OSDs=4096/OverridePGs=0-10  	     792	    153688 ns/op	     49152 osd-scalar-B	      4096 osds	         0 override-entries	         0 override-pgs	         0 override-value-B	     65536 socket-B	       231.0 topology-B	  412753 B/op	    8218 allocs/op
BenchmarkPerformanceIncremental/OSDs=4096/OverridePGs=0-10  	     783	    154542 ns/op	     49152 osd-scalar-B	      4096 osds	         0 override-entries	         0 override-pgs	         0 override-value-B	     65536 socket-B	       231.0 topology-B	  412753 B/op	    8218 allocs/op
BenchmarkPerformanceIncremental/OSDs=4096/OverridePGs=0-10  	     804	    164150 ns/op	     49152 osd-scalar-B	      4096 osds	         0 override-entries	         0 override-pgs	         0 override-value-B	     65536 socket-B	       231.0 topology-B	  412752 B/op	    8218 allocs/op
BenchmarkPerformanceIncremental/OSDs=4096/OverridePGs=0-10  	     729	    158444 ns/op	     49152 osd-scalar-B	      4096 osds	         0 override-entries	         0 override-pgs	         0 override-value-B	     65536 socket-B	       231.0 topology-B	  412752 B/op	    8218 allocs/op
BenchmarkPerformanceIncremental/OSDs=4/OverridePGs=64-10    	    9343	     13603 ns/op	        48.00 osd-scalar-B	         4.000 osds	       320.0 override-entries	        64.00 override-pgs	      2048 override-value-B	        64.00 socket-B	       231.0 topology-B	   27816 B/op	     241 allocs/op
BenchmarkPerformanceIncremental/OSDs=4/OverridePGs=64-10    	    9238	     13559 ns/op	        48.00 osd-scalar-B	         4.000 osds	       320.0 override-entries	        64.00 override-pgs	      2048 override-value-B	        64.00 socket-B	       231.0 topology-B	   27816 B/op	     241 allocs/op
BenchmarkPerformanceIncremental/OSDs=4/OverridePGs=64-10    	   10000	     14144 ns/op	        48.00 osd-scalar-B	         4.000 osds	       320.0 override-entries	        64.00 override-pgs	      2048 override-value-B	        64.00 socket-B	       231.0 topology-B	   27816 B/op	     241 allocs/op
BenchmarkPerformanceIncremental/OSDs=4/OverridePGs=64-10    	    8682	     13651 ns/op	        48.00 osd-scalar-B	         4.000 osds	       320.0 override-entries	        64.00 override-pgs	      2048 override-value-B	        64.00 socket-B	       231.0 topology-B	   27816 B/op	     241 allocs/op
BenchmarkPerformanceIncremental/OSDs=4/OverridePGs=64-10    	    8341	     14854 ns/op	        48.00 osd-scalar-B	         4.000 osds	       320.0 override-entries	        64.00 override-pgs	      2048 override-value-B	        64.00 socket-B	       231.0 topology-B	   27816 B/op	     241 allocs/op
BenchmarkPerformanceIncremental/OSDs=4/OverridePGs=1024-10  	     591	    199451 ns/op	        48.00 osd-scalar-B	         4.000 osds	      5120 override-entries	      1024 override-pgs	     32768 override-value-B	        64.00 socket-B	       231.0 topology-B	  432500 B/op	    3131 allocs/op
BenchmarkPerformanceIncremental/OSDs=4/OverridePGs=1024-10  	     512	    205869 ns/op	        48.00 osd-scalar-B	         4.000 osds	      5120 override-entries	      1024 override-pgs	     32768 override-value-B	        64.00 socket-B	       231.0 topology-B	  432500 B/op	    3131 allocs/op
BenchmarkPerformanceIncremental/OSDs=4/OverridePGs=1024-10  	     586	    212122 ns/op	        48.00 osd-scalar-B	         4.000 osds	      5120 override-entries	      1024 override-pgs	     32768 override-value-B	        64.00 socket-B	       231.0 topology-B	  432499 B/op	    3131 allocs/op
BenchmarkPerformanceIncremental/OSDs=4/OverridePGs=1024-10  	     595	    207513 ns/op	        48.00 osd-scalar-B	         4.000 osds	      5120 override-entries	      1024 override-pgs	     32768 override-value-B	        64.00 socket-B	       231.0 topology-B	  432498 B/op	    3131 allocs/op
BenchmarkPerformanceIncremental/OSDs=4/OverridePGs=1024-10  	     612	    196589 ns/op	        48.00 osd-scalar-B	         4.000 osds	      5120 override-entries	      1024 override-pgs	     32768 override-value-B	        64.00 socket-B	       231.0 topology-B	  432500 B/op	    3131 allocs/op
BenchmarkPerformanceIncremental/OSDs=4/OverridePGs=4096-10  	     136	    864504 ns/op	        48.00 osd-scalar-B	         4.000 osds	     20480 override-entries	      4096 override-pgs	    131072 override-value-B	        64.00 socket-B	       231.0 topology-B	 1719379 B/op	   12407 allocs/op
BenchmarkPerformanceIncremental/OSDs=4/OverridePGs=4096-10  	     139	    852407 ns/op	        48.00 osd-scalar-B	         4.000 osds	     20480 override-entries	      4096 override-pgs	    131072 override-value-B	        64.00 socket-B	       231.0 topology-B	 1719342 B/op	   12407 allocs/op
BenchmarkPerformanceIncremental/OSDs=4/OverridePGs=4096-10  	     136	    911551 ns/op	        48.00 osd-scalar-B	         4.000 osds	     20480 override-entries	      4096 override-pgs	    131072 override-value-B	        64.00 socket-B	       231.0 topology-B	 1719338 B/op	   12407 allocs/op
BenchmarkPerformanceIncremental/OSDs=4/OverridePGs=4096-10  	     138	    923229 ns/op	        48.00 osd-scalar-B	         4.000 osds	     20480 override-entries	      4096 override-pgs	    131072 override-value-B	        64.00 socket-B	       231.0 topology-B	 1719334 B/op	   12407 allocs/op
BenchmarkPerformanceIncremental/OSDs=4/OverridePGs=4096-10  	     132	    875390 ns/op	        48.00 osd-scalar-B	         4.000 osds	     20480 override-entries	      4096 override-pgs	    131072 override-value-B	        64.00 socket-B	       231.0 topology-B	 1719341 B/op	   12407 allocs/op
PASS
ok  	github.com/otuschhoff/rados-go/internal/maps	8.990s
goos: darwin
goarch: arm64
pkg: github.com/otuschhoff/rados-go/internal/msgr
cpu: Apple M1 Max
BenchmarkPerformanceQueue/depth=1/complete-10         	  320313	       341.4 ns/op	         1.000 depth	         1.000 requests/op	     280 B/op	       7 allocs/op
--- BENCH: BenchmarkPerformanceQueue/depth=1/complete-10
    performance_baseline_test.go:106: One op is a full depth-sized batch: owner admission/refill, synthetic sent/replay registration, real reply completion or failAll, and result-channel drain. No Session pumps, dispatch, wire encoding, network, or authentication; refill remains timed.
BenchmarkPerformanceQueue/depth=1/complete-10         	  455248	       300.4 ns/op	         1.000 depth	         1.000 requests/op	     279 B/op	       7 allocs/op
--- BENCH: BenchmarkPerformanceQueue/depth=1/complete-10
    performance_baseline_test.go:106: One op is a full depth-sized batch: owner admission/refill, synthetic sent/replay registration, real reply completion or failAll, and result-channel drain. No Session pumps, dispatch, wire encoding, network, or authentication; refill remains timed.
BenchmarkPerformanceQueue/depth=1/complete-10         	  451099	       297.0 ns/op	         1.000 depth	         1.000 requests/op	     279 B/op	       7 allocs/op
--- BENCH: BenchmarkPerformanceQueue/depth=1/complete-10
    performance_baseline_test.go:106: One op is a full depth-sized batch: owner admission/refill, synthetic sent/replay registration, real reply completion or failAll, and result-channel drain. No Session pumps, dispatch, wire encoding, network, or authentication; refill remains timed.
BenchmarkPerformanceQueue/depth=1/complete-10         	  430416	       288.6 ns/op	         1.000 depth	         1.000 requests/op	     279 B/op	       7 allocs/op
--- BENCH: BenchmarkPerformanceQueue/depth=1/complete-10
    performance_baseline_test.go:106: One op is a full depth-sized batch: owner admission/refill, synthetic sent/replay registration, real reply completion or failAll, and result-channel drain. No Session pumps, dispatch, wire encoding, network, or authentication; refill remains timed.
BenchmarkPerformanceQueue/depth=1/complete-10         	  437583	       315.3 ns/op	         1.000 depth	         1.000 requests/op	     279 B/op	       7 allocs/op
--- BENCH: BenchmarkPerformanceQueue/depth=1/complete-10
    performance_baseline_test.go:106: One op is a full depth-sized batch: owner admission/refill, synthetic sent/replay registration, real reply completion or failAll, and result-channel drain. No Session pumps, dispatch, wire encoding, network, or authentication; refill remains timed.
BenchmarkPerformanceQueue/depth=1/drain-10            	  292159	       384.8 ns/op	         1.000 depth	         1.000 requests/op	     368 B/op	       9 allocs/op
--- BENCH: BenchmarkPerformanceQueue/depth=1/drain-10
    performance_baseline_test.go:106: One op is a full depth-sized batch: owner admission/refill, synthetic sent/replay registration, real reply completion or failAll, and result-channel drain. No Session pumps, dispatch, wire encoding, network, or authentication; refill remains timed.
BenchmarkPerformanceQueue/depth=1/drain-10            	  298550	       415.4 ns/op	         1.000 depth	         1.000 requests/op	     368 B/op	       9 allocs/op
--- BENCH: BenchmarkPerformanceQueue/depth=1/drain-10
    performance_baseline_test.go:106: One op is a full depth-sized batch: owner admission/refill, synthetic sent/replay registration, real reply completion or failAll, and result-channel drain. No Session pumps, dispatch, wire encoding, network, or authentication; refill remains timed.
BenchmarkPerformanceQueue/depth=1/drain-10            	  266530	       407.6 ns/op	         1.000 depth	         1.000 requests/op	     368 B/op	       9 allocs/op
--- BENCH: BenchmarkPerformanceQueue/depth=1/drain-10
    performance_baseline_test.go:106: One op is a full depth-sized batch: owner admission/refill, synthetic sent/replay registration, real reply completion or failAll, and result-channel drain. No Session pumps, dispatch, wire encoding, network, or authentication; refill remains timed.
BenchmarkPerformanceQueue/depth=1/drain-10            	  278785	       390.9 ns/op	         1.000 depth	         1.000 requests/op	     368 B/op	       9 allocs/op
--- BENCH: BenchmarkPerformanceQueue/depth=1/drain-10
    performance_baseline_test.go:106: One op is a full depth-sized batch: owner admission/refill, synthetic sent/replay registration, real reply completion or failAll, and result-channel drain. No Session pumps, dispatch, wire encoding, network, or authentication; refill remains timed.
BenchmarkPerformanceQueue/depth=1/drain-10            	  291176	       418.8 ns/op	         1.000 depth	         1.000 requests/op	     368 B/op	       9 allocs/op
--- BENCH: BenchmarkPerformanceQueue/depth=1/drain-10
    performance_baseline_test.go:106: One op is a full depth-sized batch: owner admission/refill, synthetic sent/replay registration, real reply completion or failAll, and result-channel drain. No Session pumps, dispatch, wire encoding, network, or authentication; refill remains timed.
BenchmarkPerformanceQueue/depth=64/complete-10        	    4974	     24229 ns/op	        64.00 depth	        64.00 requests/op	   20319 B/op	     454 allocs/op
--- BENCH: BenchmarkPerformanceQueue/depth=64/complete-10
    performance_baseline_test.go:106: One op is a full depth-sized batch: owner admission/refill, synthetic sent/replay registration, real reply completion or failAll, and result-channel drain. No Session pumps, dispatch, wire encoding, network, or authentication; refill remains timed.
BenchmarkPerformanceQueue/depth=64/complete-10        	    5060	     24383 ns/op	        64.00 depth	        64.00 requests/op	   20319 B/op	     454 allocs/op
--- BENCH: BenchmarkPerformanceQueue/depth=64/complete-10
    performance_baseline_test.go:106: One op is a full depth-sized batch: owner admission/refill, synthetic sent/replay registration, real reply completion or failAll, and result-channel drain. No Session pumps, dispatch, wire encoding, network, or authentication; refill remains timed.
BenchmarkPerformanceQueue/depth=64/complete-10        	    5322	     24418 ns/op	        64.00 depth	        64.00 requests/op	   20319 B/op	     454 allocs/op
--- BENCH: BenchmarkPerformanceQueue/depth=64/complete-10
    performance_baseline_test.go:106: One op is a full depth-sized batch: owner admission/refill, synthetic sent/replay registration, real reply completion or failAll, and result-channel drain. No Session pumps, dispatch, wire encoding, network, or authentication; refill remains timed.
BenchmarkPerformanceQueue/depth=64/complete-10        	    5529	     24233 ns/op	        64.00 depth	        64.00 requests/op	   20319 B/op	     454 allocs/op
--- BENCH: BenchmarkPerformanceQueue/depth=64/complete-10
    performance_baseline_test.go:106: One op is a full depth-sized batch: owner admission/refill, synthetic sent/replay registration, real reply completion or failAll, and result-channel drain. No Session pumps, dispatch, wire encoding, network, or authentication; refill remains timed.
BenchmarkPerformanceQueue/depth=64/complete-10        	    5197	     26570 ns/op	        64.00 depth	        64.00 requests/op	   20319 B/op	     454 allocs/op
--- BENCH: BenchmarkPerformanceQueue/depth=64/complete-10
    performance_baseline_test.go:106: One op is a full depth-sized batch: owner admission/refill, synthetic sent/replay registration, real reply completion or failAll, and result-channel drain. No Session pumps, dispatch, wire encoding, network, or authentication; refill remains timed.
BenchmarkPerformanceQueue/depth=64/drain-10           	    5014	     23299 ns/op	        64.00 depth	        64.00 requests/op	   24571 B/op	     462 allocs/op
--- BENCH: BenchmarkPerformanceQueue/depth=64/drain-10
    performance_baseline_test.go:106: One op is a full depth-sized batch: owner admission/refill, synthetic sent/replay registration, real reply completion or failAll, and result-channel drain. No Session pumps, dispatch, wire encoding, network, or authentication; refill remains timed.
BenchmarkPerformanceQueue/depth=64/drain-10           	    4874	     22746 ns/op	        64.00 depth	        64.00 requests/op	   24570 B/op	     462 allocs/op
--- BENCH: BenchmarkPerformanceQueue/depth=64/drain-10
    performance_baseline_test.go:106: One op is a full depth-sized batch: owner admission/refill, synthetic sent/replay registration, real reply completion or failAll, and result-channel drain. No Session pumps, dispatch, wire encoding, network, or authentication; refill remains timed.
BenchmarkPerformanceQueue/depth=64/drain-10           	    5457	     22580 ns/op	        64.00 depth	        64.00 requests/op	   24570 B/op	     462 allocs/op
--- BENCH: BenchmarkPerformanceQueue/depth=64/drain-10
    performance_baseline_test.go:106: One op is a full depth-sized batch: owner admission/refill, synthetic sent/replay registration, real reply completion or failAll, and result-channel drain. No Session pumps, dispatch, wire encoding, network, or authentication; refill remains timed.
BenchmarkPerformanceQueue/depth=64/drain-10           	    5732	     22656 ns/op	        64.00 depth	        64.00 requests/op	   24570 B/op	     462 allocs/op
--- BENCH: BenchmarkPerformanceQueue/depth=64/drain-10
    performance_baseline_test.go:106: One op is a full depth-sized batch: owner admission/refill, synthetic sent/replay registration, real reply completion or failAll, and result-channel drain. No Session pumps, dispatch, wire encoding, network, or authentication; refill remains timed.
BenchmarkPerformanceQueue/depth=64/drain-10           	    5324	     23775 ns/op	        64.00 depth	        64.00 requests/op	   24570 B/op	     462 allocs/op
--- BENCH: BenchmarkPerformanceQueue/depth=64/drain-10
    performance_baseline_test.go:106: One op is a full depth-sized batch: owner admission/refill, synthetic sent/replay registration, real reply completion or failAll, and result-channel drain. No Session pumps, dispatch, wire encoding, network, or authentication; refill remains timed.
BenchmarkPerformanceQueue/depth=1024/complete-10      	     100	   1267624 ns/op	      1024 depth	      1024 requests/op	  373324 B/op	    7177 allocs/op
--- BENCH: BenchmarkPerformanceQueue/depth=1024/complete-10
    performance_baseline_test.go:106: One op is a full depth-sized batch: owner admission/refill, synthetic sent/replay registration, real reply completion or failAll, and result-channel drain. No Session pumps, dispatch, wire encoding, network, or authentication; refill remains timed.
BenchmarkPerformanceQueue/depth=1024/complete-10      	     100	   1185709 ns/op	      1024 depth	      1024 requests/op	  373325 B/op	    7177 allocs/op
--- BENCH: BenchmarkPerformanceQueue/depth=1024/complete-10
    performance_baseline_test.go:106: One op is a full depth-sized batch: owner admission/refill, synthetic sent/replay registration, real reply completion or failAll, and result-channel drain. No Session pumps, dispatch, wire encoding, network, or authentication; refill remains timed.
BenchmarkPerformanceQueue/depth=1024/complete-10      	     100	   1294022 ns/op	      1024 depth	      1024 requests/op	  373325 B/op	    7177 allocs/op
--- BENCH: BenchmarkPerformanceQueue/depth=1024/complete-10
    performance_baseline_test.go:106: One op is a full depth-sized batch: owner admission/refill, synthetic sent/replay registration, real reply completion or failAll, and result-channel drain. No Session pumps, dispatch, wire encoding, network, or authentication; refill remains timed.
BenchmarkPerformanceQueue/depth=1024/complete-10      	      99	   1248234 ns/op	      1024 depth	      1024 requests/op	  373327 B/op	    7177 allocs/op
--- BENCH: BenchmarkPerformanceQueue/depth=1024/complete-10
    performance_baseline_test.go:106: One op is a full depth-sized batch: owner admission/refill, synthetic sent/replay registration, real reply completion or failAll, and result-channel drain. No Session pumps, dispatch, wire encoding, network, or authentication; refill remains timed.
BenchmarkPerformanceQueue/depth=1024/complete-10      	      91	   1297356 ns/op	      1024 depth	      1024 requests/op	  373326 B/op	    7177 allocs/op
--- BENCH: BenchmarkPerformanceQueue/depth=1024/complete-10
    performance_baseline_test.go:106: One op is a full depth-sized batch: owner admission/refill, synthetic sent/replay registration, real reply completion or failAll, and result-channel drain. No Session pumps, dispatch, wire encoding, network, or authentication; refill remains timed.
BenchmarkPerformanceQueue/depth=1024/drain-10         	     314	    391202 ns/op	      1024 depth	      1024 requests/op	  420143 B/op	    7192 allocs/op
--- BENCH: BenchmarkPerformanceQueue/depth=1024/drain-10
    performance_baseline_test.go:106: One op is a full depth-sized batch: owner admission/refill, synthetic sent/replay registration, real reply completion or failAll, and result-channel drain. No Session pumps, dispatch, wire encoding, network, or authentication; refill remains timed.
BenchmarkPerformanceQueue/depth=1024/drain-10         	     283	    411826 ns/op	      1024 depth	      1024 requests/op	  420112 B/op	    7192 allocs/op
--- BENCH: BenchmarkPerformanceQueue/depth=1024/drain-10
    performance_baseline_test.go:106: One op is a full depth-sized batch: owner admission/refill, synthetic sent/replay registration, real reply completion or failAll, and result-channel drain. No Session pumps, dispatch, wire encoding, network, or authentication; refill remains timed.
BenchmarkPerformanceQueue/depth=1024/drain-10         	     321	    391130 ns/op	      1024 depth	      1024 requests/op	  420159 B/op	    7192 allocs/op
--- BENCH: BenchmarkPerformanceQueue/depth=1024/drain-10
    performance_baseline_test.go:106: One op is a full depth-sized batch: owner admission/refill, synthetic sent/replay registration, real reply completion or failAll, and result-channel drain. No Session pumps, dispatch, wire encoding, network, or authentication; refill remains timed.
BenchmarkPerformanceQueue/depth=1024/drain-10         	     290	    400159 ns/op	      1024 depth	      1024 requests/op	  420130 B/op	    7192 allocs/op
--- BENCH: BenchmarkPerformanceQueue/depth=1024/drain-10
    performance_baseline_test.go:106: One op is a full depth-sized batch: owner admission/refill, synthetic sent/replay registration, real reply completion or failAll, and result-channel drain. No Session pumps, dispatch, wire encoding, network, or authentication; refill remains timed.
BenchmarkPerformanceQueue/depth=1024/drain-10         	     314	    404447 ns/op	      1024 depth	      1024 requests/op	  420145 B/op	    7192 allocs/op
--- BENCH: BenchmarkPerformanceQueue/depth=1024/drain-10
    performance_baseline_test.go:106: One op is a full depth-sized batch: owner admission/refill, synthetic sent/replay registration, real reply completion or failAll, and result-channel drain. No Session pumps, dispatch, wire encoding, network, or authentication; refill remains timed.
BenchmarkPerformanceQueue/depth=4096/complete-10      	       4	  28248958 ns/op	      4096 depth	      4096 requests/op	 1437796 B/op	   28623 allocs/op
--- BENCH: BenchmarkPerformanceQueue/depth=4096/complete-10
    performance_baseline_test.go:106: One op is a full depth-sized batch: owner admission/refill, synthetic sent/replay registration, real reply completion or failAll, and result-channel drain. No Session pumps, dispatch, wire encoding, network, or authentication; refill remains timed.
BenchmarkPerformanceQueue/depth=4096/complete-10      	       4	  28443292 ns/op	      4096 depth	      4096 requests/op	 1437796 B/op	   28623 allocs/op
--- BENCH: BenchmarkPerformanceQueue/depth=4096/complete-10
    performance_baseline_test.go:106: One op is a full depth-sized batch: owner admission/refill, synthetic sent/replay registration, real reply completion or failAll, and result-channel drain. No Session pumps, dispatch, wire encoding, network, or authentication; refill remains timed.
BenchmarkPerformanceQueue/depth=4096/complete-10      	       4	  27495073 ns/op	      4096 depth	      4096 requests/op	 1437796 B/op	   28623 allocs/op
--- BENCH: BenchmarkPerformanceQueue/depth=4096/complete-10
    performance_baseline_test.go:106: One op is a full depth-sized batch: owner admission/refill, synthetic sent/replay registration, real reply completion or failAll, and result-channel drain. No Session pumps, dispatch, wire encoding, network, or authentication; refill remains timed.
BenchmarkPerformanceQueue/depth=4096/complete-10      	       4	  28008948 ns/op	      4096 depth	      4096 requests/op	 1437796 B/op	   28623 allocs/op
--- BENCH: BenchmarkPerformanceQueue/depth=4096/complete-10
    performance_baseline_test.go:106: One op is a full depth-sized batch: owner admission/refill, synthetic sent/replay registration, real reply completion or failAll, and result-channel drain. No Session pumps, dispatch, wire encoding, network, or authentication; refill remains timed.
BenchmarkPerformanceQueue/depth=4096/complete-10      	       4	  26158729 ns/op	      4096 depth	      4096 requests/op	 1437800 B/op	   28623 allocs/op
--- BENCH: BenchmarkPerformanceQueue/depth=4096/complete-10
    performance_baseline_test.go:106: One op is a full depth-sized batch: owner admission/refill, synthetic sent/replay registration, real reply completion or failAll, and result-channel drain. No Session pumps, dispatch, wire encoding, network, or authentication; refill remains timed.
BenchmarkPerformanceQueue/depth=4096/drain-10         	      62	   1831254 ns/op	      4096 depth	      4096 requests/op	 1747124 B/op	   28705 allocs/op
--- BENCH: BenchmarkPerformanceQueue/depth=4096/drain-10
    performance_baseline_test.go:106: One op is a full depth-sized batch: owner admission/refill, synthetic sent/replay registration, real reply completion or failAll, and result-channel drain. No Session pumps, dispatch, wire encoding, network, or authentication; refill remains timed.
BenchmarkPerformanceQueue/depth=4096/drain-10         	      75	   1619254 ns/op	      4096 depth	      4096 requests/op	 1747973 B/op	   28706 allocs/op
--- BENCH: BenchmarkPerformanceQueue/depth=4096/drain-10
    performance_baseline_test.go:106: One op is a full depth-sized batch: owner admission/refill, synthetic sent/replay registration, real reply completion or failAll, and result-channel drain. No Session pumps, dispatch, wire encoding, network, or authentication; refill remains timed.
BenchmarkPerformanceQueue/depth=4096/drain-10         	      64	   1743262 ns/op	      4096 depth	      4096 requests/op	 1747196 B/op	   28705 allocs/op
--- BENCH: BenchmarkPerformanceQueue/depth=4096/drain-10
    performance_baseline_test.go:106: One op is a full depth-sized batch: owner admission/refill, synthetic sent/replay registration, real reply completion or failAll, and result-channel drain. No Session pumps, dispatch, wire encoding, network, or authentication; refill remains timed.
BenchmarkPerformanceQueue/depth=4096/drain-10         	      74	   1621820 ns/op	      4096 depth	      4096 requests/op	 1747867 B/op	   28705 allocs/op
--- BENCH: BenchmarkPerformanceQueue/depth=4096/drain-10
    performance_baseline_test.go:106: One op is a full depth-sized batch: owner admission/refill, synthetic sent/replay registration, real reply completion or failAll, and result-channel drain. No Session pumps, dispatch, wire encoding, network, or authentication; refill remains timed.
BenchmarkPerformanceQueue/depth=4096/drain-10         	      60	   1775056 ns/op	      4096 depth	      4096 requests/op	 1746938 B/op	   28706 allocs/op
--- BENCH: BenchmarkPerformanceQueue/depth=4096/drain-10
    performance_baseline_test.go:106: One op is a full depth-sized batch: owner admission/refill, synthetic sent/replay registration, real reply completion or failAll, and result-channel drain. No Session pumps, dispatch, wire encoding, network, or authentication; refill remains timed.
BenchmarkPerformanceSubmissionReplay/crc/bytes=4096/initial-10         	    4029	     25531 ns/op	 160.43 MB/s	         1.000 message-sends/op	         1.000 requests/op	   34715 B/op	     105 allocs/op
--- BENCH: BenchmarkPerformanceSubmissionReplay/crc/bytes=4096/initial-10
    performance_baseline_test.go:301: One op is a complete request lifecycle. Timed: codec/session/fixture creation, actual Session.Submit admission copy, pumps, EncodeMessage, real CRC/AEAD wire encode, peer decode/send validation, optional channel-forced fault + reconnect control + replay, small injected reply, completion ACK, snapshot, Stop. Excluded: connection establishment, authentication, sockets, inbound wire decode, OSD processing, backoff delays. MB/s counts outbound application payload across message sends, not control/wire bytes.
BenchmarkPerformanceSubmissionReplay/crc/bytes=4096/initial-10         	    4113	     27522 ns/op	 148.83 MB/s	         1.000 message-sends/op	         1.000 requests/op	   34675 B/op	     105 allocs/op
--- BENCH: BenchmarkPerformanceSubmissionReplay/crc/bytes=4096/initial-10
    performance_baseline_test.go:301: One op is a complete request lifecycle. Timed: codec/session/fixture creation, actual Session.Submit admission copy, pumps, EncodeMessage, real CRC/AEAD wire encode, peer decode/send validation, optional channel-forced fault + reconnect control + replay, small injected reply, completion ACK, snapshot, Stop. Excluded: connection establishment, authentication, sockets, inbound wire decode, OSD processing, backoff delays. MB/s counts outbound application payload across message sends, not control/wire bytes.
BenchmarkPerformanceSubmissionReplay/crc/bytes=4096/initial-10         	    4218	     25962 ns/op	 157.77 MB/s	         1.000 message-sends/op	         1.000 requests/op	   34674 B/op	     105 allocs/op
--- BENCH: BenchmarkPerformanceSubmissionReplay/crc/bytes=4096/initial-10
    performance_baseline_test.go:301: One op is a complete request lifecycle. Timed: codec/session/fixture creation, actual Session.Submit admission copy, pumps, EncodeMessage, real CRC/AEAD wire encode, peer decode/send validation, optional channel-forced fault + reconnect control + replay, small injected reply, completion ACK, snapshot, Stop. Excluded: connection establishment, authentication, sockets, inbound wire decode, OSD processing, backoff delays. MB/s counts outbound application payload across message sends, not control/wire bytes.
BenchmarkPerformanceSubmissionReplay/crc/bytes=4096/initial-10         	    4518	     27455 ns/op	 149.19 MB/s	         1.000 message-sends/op	         1.000 requests/op	   34676 B/op	     105 allocs/op
--- BENCH: BenchmarkPerformanceSubmissionReplay/crc/bytes=4096/initial-10
    performance_baseline_test.go:301: One op is a complete request lifecycle. Timed: codec/session/fixture creation, actual Session.Submit admission copy, pumps, EncodeMessage, real CRC/AEAD wire encode, peer decode/send validation, optional channel-forced fault + reconnect control + replay, small injected reply, completion ACK, snapshot, Stop. Excluded: connection establishment, authentication, sockets, inbound wire decode, OSD processing, backoff delays. MB/s counts outbound application payload across message sends, not control/wire bytes.
BenchmarkPerformanceSubmissionReplay/crc/bytes=4096/initial-10         	    4982	     26562 ns/op	 154.20 MB/s	         1.000 message-sends/op	         1.000 requests/op	   34676 B/op	     105 allocs/op
--- BENCH: BenchmarkPerformanceSubmissionReplay/crc/bytes=4096/initial-10
    performance_baseline_test.go:301: One op is a complete request lifecycle. Timed: codec/session/fixture creation, actual Session.Submit admission copy, pumps, EncodeMessage, real CRC/AEAD wire encode, peer decode/send validation, optional channel-forced fault + reconnect control + replay, small injected reply, completion ACK, snapshot, Stop. Excluded: connection establishment, authentication, sockets, inbound wire decode, OSD processing, backoff delays. MB/s counts outbound application payload across message sends, not control/wire bytes.
BenchmarkPerformanceSubmissionReplay/crc/bytes=4096/initial+replay-10  	    2737	     43767 ns/op	 187.17 MB/s	         2.000 message-sends/op	         1.000 requests/op	   54310 B/op	     161 allocs/op
--- BENCH: BenchmarkPerformanceSubmissionReplay/crc/bytes=4096/initial+replay-10
    performance_baseline_test.go:301: One op is a complete request lifecycle. Timed: codec/session/fixture creation, actual Session.Submit admission copy, pumps, EncodeMessage, real CRC/AEAD wire encode, peer decode/send validation, optional channel-forced fault + reconnect control + replay, small injected reply, completion ACK, snapshot, Stop. Excluded: connection establishment, authentication, sockets, inbound wire decode, OSD processing, backoff delays. MB/s counts outbound application payload across message sends, not control/wire bytes.
BenchmarkPerformanceSubmissionReplay/crc/bytes=4096/initial+replay-10  	    3130	     41685 ns/op	 196.52 MB/s	         2.000 message-sends/op	         1.000 requests/op	   54299 B/op	     161 allocs/op
--- BENCH: BenchmarkPerformanceSubmissionReplay/crc/bytes=4096/initial+replay-10
    performance_baseline_test.go:301: One op is a complete request lifecycle. Timed: codec/session/fixture creation, actual Session.Submit admission copy, pumps, EncodeMessage, real CRC/AEAD wire encode, peer decode/send validation, optional channel-forced fault + reconnect control + replay, small injected reply, completion ACK, snapshot, Stop. Excluded: connection establishment, authentication, sockets, inbound wire decode, OSD processing, backoff delays. MB/s counts outbound application payload across message sends, not control/wire bytes.
BenchmarkPerformanceSubmissionReplay/crc/bytes=4096/initial+replay-10  	    3282	     72422 ns/op	 113.11 MB/s	         2.000 message-sends/op	         1.000 requests/op	   54297 B/op	     161 allocs/op
--- BENCH: BenchmarkPerformanceSubmissionReplay/crc/bytes=4096/initial+replay-10
    performance_baseline_test.go:301: One op is a complete request lifecycle. Timed: codec/session/fixture creation, actual Session.Submit admission copy, pumps, EncodeMessage, real CRC/AEAD wire encode, peer decode/send validation, optional channel-forced fault + reconnect control + replay, small injected reply, completion ACK, snapshot, Stop. Excluded: connection establishment, authentication, sockets, inbound wire decode, OSD processing, backoff delays. MB/s counts outbound application payload across message sends, not control/wire bytes.
BenchmarkPerformanceSubmissionReplay/crc/bytes=4096/initial+replay-10  	    2439	     42160 ns/op	 194.31 MB/s	         2.000 message-sends/op	         1.000 requests/op	   54300 B/op	     161 allocs/op
--- BENCH: BenchmarkPerformanceSubmissionReplay/crc/bytes=4096/initial+replay-10
    performance_baseline_test.go:301: One op is a complete request lifecycle. Timed: codec/session/fixture creation, actual Session.Submit admission copy, pumps, EncodeMessage, real CRC/AEAD wire encode, peer decode/send validation, optional channel-forced fault + reconnect control + replay, small injected reply, completion ACK, snapshot, Stop. Excluded: connection establishment, authentication, sockets, inbound wire decode, OSD processing, backoff delays. MB/s counts outbound application payload across message sends, not control/wire bytes.
BenchmarkPerformanceSubmissionReplay/crc/bytes=4096/initial+replay-10  	    3159	     43523 ns/op	 188.22 MB/s	         2.000 message-sends/op	         1.000 requests/op	   54298 B/op	     161 allocs/op
--- BENCH: BenchmarkPerformanceSubmissionReplay/crc/bytes=4096/initial+replay-10
    performance_baseline_test.go:301: One op is a complete request lifecycle. Timed: codec/session/fixture creation, actual Session.Submit admission copy, pumps, EncodeMessage, real CRC/AEAD wire encode, peer decode/send validation, optional channel-forced fault + reconnect control + replay, small injected reply, completion ACK, snapshot, Stop. Excluded: connection establishment, authentication, sockets, inbound wire decode, OSD processing, backoff delays. MB/s counts outbound application payload across message sends, not control/wire bytes.
BenchmarkPerformanceSubmissionReplay/crc/bytes=65536/initial-10        	    1513	     85118 ns/op	 769.94 MB/s	         1.000 message-sends/op	         1.000 requests/op	  349354 B/op	     105 allocs/op
--- BENCH: BenchmarkPerformanceSubmissionReplay/crc/bytes=65536/initial-10
    performance_baseline_test.go:301: One op is a complete request lifecycle. Timed: codec/session/fixture creation, actual Session.Submit admission copy, pumps, EncodeMessage, real CRC/AEAD wire encode, peer decode/send validation, optional channel-forced fault + reconnect control + replay, small injected reply, completion ACK, snapshot, Stop. Excluded: connection establishment, authentication, sockets, inbound wire decode, OSD processing, backoff delays. MB/s counts outbound application payload across message sends, not control/wire bytes.
BenchmarkPerformanceSubmissionReplay/crc/bytes=65536/initial-10        	    1339	     93983 ns/op	 697.32 MB/s	         1.000 message-sends/op	         1.000 requests/op	  349346 B/op	     105 allocs/op
--- BENCH: BenchmarkPerformanceSubmissionReplay/crc/bytes=65536/initial-10
    performance_baseline_test.go:301: One op is a complete request lifecycle. Timed: codec/session/fixture creation, actual Session.Submit admission copy, pumps, EncodeMessage, real CRC/AEAD wire encode, peer decode/send validation, optional channel-forced fault + reconnect control + replay, small injected reply, completion ACK, snapshot, Stop. Excluded: connection establishment, authentication, sockets, inbound wire decode, OSD processing, backoff delays. MB/s counts outbound application payload across message sends, not control/wire bytes.
BenchmarkPerformanceSubmissionReplay/crc/bytes=65536/initial-10        	    1338	     87807 ns/op	 746.36 MB/s	         1.000 message-sends/op	         1.000 requests/op	  349342 B/op	     105 allocs/op
--- BENCH: BenchmarkPerformanceSubmissionReplay/crc/bytes=65536/initial-10
    performance_baseline_test.go:301: One op is a complete request lifecycle. Timed: codec/session/fixture creation, actual Session.Submit admission copy, pumps, EncodeMessage, real CRC/AEAD wire encode, peer decode/send validation, optional channel-forced fault + reconnect control + replay, small injected reply, completion ACK, snapshot, Stop. Excluded: connection establishment, authentication, sockets, inbound wire decode, OSD processing, backoff delays. MB/s counts outbound application payload across message sends, not control/wire bytes.
BenchmarkPerformanceSubmissionReplay/crc/bytes=65536/initial-10        	    1285	     94307 ns/op	 694.92 MB/s	         1.000 message-sends/op	         1.000 requests/op	  349333 B/op	     105 allocs/op
--- BENCH: BenchmarkPerformanceSubmissionReplay/crc/bytes=65536/initial-10
    performance_baseline_test.go:301: One op is a complete request lifecycle. Timed: codec/session/fixture creation, actual Session.Submit admission copy, pumps, EncodeMessage, real CRC/AEAD wire encode, peer decode/send validation, optional channel-forced fault + reconnect control + replay, small injected reply, completion ACK, snapshot, Stop. Excluded: connection establishment, authentication, sockets, inbound wire decode, OSD processing, backoff delays. MB/s counts outbound application payload across message sends, not control/wire bytes.
BenchmarkPerformanceSubmissionReplay/crc/bytes=65536/initial-10        	    1261	     87677 ns/op	 747.47 MB/s	         1.000 message-sends/op	         1.000 requests/op	  349321 B/op	     105 allocs/op
--- BENCH: BenchmarkPerformanceSubmissionReplay/crc/bytes=65536/initial-10
    performance_baseline_test.go:301: One op is a complete request lifecycle. Timed: codec/session/fixture creation, actual Session.Submit admission copy, pumps, EncodeMessage, real CRC/AEAD wire encode, peer decode/send validation, optional channel-forced fault + reconnect control + replay, small injected reply, completion ACK, snapshot, Stop. Excluded: connection establishment, authentication, sockets, inbound wire decode, OSD processing, backoff delays. MB/s counts outbound application payload across message sends, not control/wire bytes.
BenchmarkPerformanceSubmissionReplay/crc/bytes=65536/initial+replay-10 	     728	    166170 ns/op	 788.78 MB/s	         2.000 message-sends/op	         1.000 requests/op	  622174 B/op	     161 allocs/op
--- BENCH: BenchmarkPerformanceSubmissionReplay/crc/bytes=65536/initial+replay-10
    performance_baseline_test.go:301: One op is a complete request lifecycle. Timed: codec/session/fixture creation, actual Session.Submit admission copy, pumps, EncodeMessage, real CRC/AEAD wire encode, peer decode/send validation, optional channel-forced fault + reconnect control + replay, small injected reply, completion ACK, snapshot, Stop. Excluded: connection establishment, authentication, sockets, inbound wire decode, OSD processing, backoff delays. MB/s counts outbound application payload across message sends, not control/wire bytes.
BenchmarkPerformanceSubmissionReplay/crc/bytes=65536/initial+replay-10 	     741	    159129 ns/op	 823.68 MB/s	         2.000 message-sends/op	         1.000 requests/op	  622180 B/op	     161 allocs/op
--- BENCH: BenchmarkPerformanceSubmissionReplay/crc/bytes=65536/initial+replay-10
    performance_baseline_test.go:301: One op is a complete request lifecycle. Timed: codec/session/fixture creation, actual Session.Submit admission copy, pumps, EncodeMessage, real CRC/AEAD wire encode, peer decode/send validation, optional channel-forced fault + reconnect control + replay, small injected reply, completion ACK, snapshot, Stop. Excluded: connection establishment, authentication, sockets, inbound wire decode, OSD processing, backoff delays. MB/s counts outbound application payload across message sends, not control/wire bytes.
BenchmarkPerformanceSubmissionReplay/crc/bytes=65536/initial+replay-10 	     709	    164411 ns/op	 797.22 MB/s	         2.000 message-sends/op	         1.000 requests/op	  622201 B/op	     162 allocs/op
--- BENCH: BenchmarkPerformanceSubmissionReplay/crc/bytes=65536/initial+replay-10
    performance_baseline_test.go:301: One op is a complete request lifecycle. Timed: codec/session/fixture creation, actual Session.Submit admission copy, pumps, EncodeMessage, real CRC/AEAD wire encode, peer decode/send validation, optional channel-forced fault + reconnect control + replay, small injected reply, completion ACK, snapshot, Stop. Excluded: connection establishment, authentication, sockets, inbound wire decode, OSD processing, backoff delays. MB/s counts outbound application payload across message sends, not control/wire bytes.
BenchmarkPerformanceSubmissionReplay/crc/bytes=65536/initial+replay-10 	     724	    159575 ns/op	 821.38 MB/s	         2.000 message-sends/op	         1.000 requests/op	  622145 B/op	     161 allocs/op
--- BENCH: BenchmarkPerformanceSubmissionReplay/crc/bytes=65536/initial+replay-10
    performance_baseline_test.go:301: One op is a complete request lifecycle. Timed: codec/session/fixture creation, actual Session.Submit admission copy, pumps, EncodeMessage, real CRC/AEAD wire encode, peer decode/send validation, optional channel-forced fault + reconnect control + replay, small injected reply, completion ACK, snapshot, Stop. Excluded: connection establishment, authentication, sockets, inbound wire decode, OSD processing, backoff delays. MB/s counts outbound application payload across message sends, not control/wire bytes.
BenchmarkPerformanceSubmissionReplay/crc/bytes=65536/initial+replay-10 	     747	    158444 ns/op	 827.24 MB/s	         2.000 message-sends/op	         1.000 requests/op	  622153 B/op	     161 allocs/op
--- BENCH: BenchmarkPerformanceSubmissionReplay/crc/bytes=65536/initial+replay-10
    performance_baseline_test.go:301: One op is a complete request lifecycle. Timed: codec/session/fixture creation, actual Session.Submit admission copy, pumps, EncodeMessage, real CRC/AEAD wire encode, peer decode/send validation, optional channel-forced fault + reconnect control + replay, small injected reply, completion ACK, snapshot, Stop. Excluded: connection establishment, authentication, sockets, inbound wire decode, OSD processing, backoff delays. MB/s counts outbound application payload across message sends, not control/wire bytes.
BenchmarkPerformanceSubmissionReplay/crc/bytes=4194304/initial-10      	      51	   2269521 ns/op	1848.10 MB/s	         1.000 message-sends/op	         1.000 requests/op	20993179 B/op	     105 allocs/op
--- BENCH: BenchmarkPerformanceSubmissionReplay/crc/bytes=4194304/initial-10
    performance_baseline_test.go:301: One op is a complete request lifecycle. Timed: codec/session/fixture creation, actual Session.Submit admission copy, pumps, EncodeMessage, real CRC/AEAD wire encode, peer decode/send validation, optional channel-forced fault + reconnect control + replay, small injected reply, completion ACK, snapshot, Stop. Excluded: connection establishment, authentication, sockets, inbound wire decode, OSD processing, backoff delays. MB/s counts outbound application payload across message sends, not control/wire bytes.
BenchmarkPerformanceSubmissionReplay/crc/bytes=4194304/initial-10      	      48	   2404132 ns/op	1744.62 MB/s	         1.000 message-sends/op	         1.000 requests/op	20993239 B/op	     106 allocs/op
--- BENCH: BenchmarkPerformanceSubmissionReplay/crc/bytes=4194304/initial-10
    performance_baseline_test.go:301: One op is a complete request lifecycle. Timed: codec/session/fixture creation, actual Session.Submit admission copy, pumps, EncodeMessage, real CRC/AEAD wire encode, peer decode/send validation, optional channel-forced fault + reconnect control + replay, small injected reply, completion ACK, snapshot, Stop. Excluded: connection establishment, authentication, sockets, inbound wire decode, OSD processing, backoff delays. MB/s counts outbound application payload across message sends, not control/wire bytes.
BenchmarkPerformanceSubmissionReplay/crc/bytes=4194304/initial-10      	      45	   2359349 ns/op	1777.74 MB/s	         1.000 message-sends/op	         1.000 requests/op	20993157 B/op	     105 allocs/op
--- BENCH: BenchmarkPerformanceSubmissionReplay/crc/bytes=4194304/initial-10
    performance_baseline_test.go:301: One op is a complete request lifecycle. Timed: codec/session/fixture creation, actual Session.Submit admission copy, pumps, EncodeMessage, real CRC/AEAD wire encode, peer decode/send validation, optional channel-forced fault + reconnect control + replay, small injected reply, completion ACK, snapshot, Stop. Excluded: connection establishment, authentication, sockets, inbound wire decode, OSD processing, backoff delays. MB/s counts outbound application payload across message sends, not control/wire bytes.
BenchmarkPerformanceSubmissionReplay/crc/bytes=4194304/initial-10      	      49	   2374787 ns/op	1766.18 MB/s	         1.000 message-sends/op	         1.000 requests/op	20993244 B/op	     106 allocs/op
--- BENCH: BenchmarkPerformanceSubmissionReplay/crc/bytes=4194304/initial-10
    performance_baseline_test.go:301: One op is a complete request lifecycle. Timed: codec/session/fixture creation, actual Session.Submit admission copy, pumps, EncodeMessage, real CRC/AEAD wire encode, peer decode/send validation, optional channel-forced fault + reconnect control + replay, small injected reply, completion ACK, snapshot, Stop. Excluded: connection establishment, authentication, sockets, inbound wire decode, OSD processing, backoff delays. MB/s counts outbound application payload across message sends, not control/wire bytes.
BenchmarkPerformanceSubmissionReplay/crc/bytes=4194304/initial-10      	      45	   2344754 ns/op	1788.80 MB/s	         1.000 message-sends/op	         1.000 requests/op	20993275 B/op	     106 allocs/op
--- BENCH: BenchmarkPerformanceSubmissionReplay/crc/bytes=4194304/initial-10
    performance_baseline_test.go:301: One op is a complete request lifecycle. Timed: codec/session/fixture creation, actual Session.Submit admission copy, pumps, EncodeMessage, real CRC/AEAD wire encode, peer decode/send validation, optional channel-forced fault + reconnect control + replay, small injected reply, completion ACK, snapshot, Stop. Excluded: connection establishment, authentication, sockets, inbound wire decode, OSD processing, backoff delays. MB/s counts outbound application payload across message sends, not control/wire bytes.
BenchmarkPerformanceSubmissionReplay/crc/bytes=4194304/initial+replay-10         	      24	   4663729 ns/op	1798.69 MB/s	         2.000 message-sends/op	         1.000 requests/op	37781134 B/op	     162 allocs/op
--- BENCH: BenchmarkPerformanceSubmissionReplay/crc/bytes=4194304/initial+replay-10
    performance_baseline_test.go:301: One op is a complete request lifecycle. Timed: codec/session/fixture creation, actual Session.Submit admission copy, pumps, EncodeMessage, real CRC/AEAD wire encode, peer decode/send validation, optional channel-forced fault + reconnect control + replay, small injected reply, completion ACK, snapshot, Stop. Excluded: connection establishment, authentication, sockets, inbound wire decode, OSD processing, backoff delays. MB/s counts outbound application payload across message sends, not control/wire bytes.
BenchmarkPerformanceSubmissionReplay/crc/bytes=4194304/initial+replay-10         	      24	   4451259 ns/op	1884.55 MB/s	         2.000 message-sends/op	         1.000 requests/op	37781173 B/op	     162 allocs/op
--- BENCH: BenchmarkPerformanceSubmissionReplay/crc/bytes=4194304/initial+replay-10
    performance_baseline_test.go:301: One op is a complete request lifecycle. Timed: codec/session/fixture creation, actual Session.Submit admission copy, pumps, EncodeMessage, real CRC/AEAD wire encode, peer decode/send validation, optional channel-forced fault + reconnect control + replay, small injected reply, completion ACK, snapshot, Stop. Excluded: connection establishment, authentication, sockets, inbound wire decode, OSD processing, backoff delays. MB/s counts outbound application payload across message sends, not control/wire bytes.
BenchmarkPerformanceSubmissionReplay/crc/bytes=4194304/initial+replay-10         	      27	   4565688 ns/op	1837.32 MB/s	         2.000 message-sends/op	         1.000 requests/op	37781186 B/op	     162 allocs/op
--- BENCH: BenchmarkPerformanceSubmissionReplay/crc/bytes=4194304/initial+replay-10
    performance_baseline_test.go:301: One op is a complete request lifecycle. Timed: codec/session/fixture creation, actual Session.Submit admission copy, pumps, EncodeMessage, real CRC/AEAD wire encode, peer decode/send validation, optional channel-forced fault + reconnect control + replay, small injected reply, completion ACK, snapshot, Stop. Excluded: connection establishment, authentication, sockets, inbound wire decode, OSD processing, backoff delays. MB/s counts outbound application payload across message sends, not control/wire bytes.
BenchmarkPerformanceSubmissionReplay/crc/bytes=4194304/initial+replay-10         	      26	   4434848 ns/op	1891.52 MB/s	         2.000 message-sends/op	         1.000 requests/op	37781053 B/op	     161 allocs/op
--- BENCH: BenchmarkPerformanceSubmissionReplay/crc/bytes=4194304/initial+replay-10
    performance_baseline_test.go:301: One op is a complete request lifecycle. Timed: codec/session/fixture creation, actual Session.Submit admission copy, pumps, EncodeMessage, real CRC/AEAD wire encode, peer decode/send validation, optional channel-forced fault + reconnect control + replay, small injected reply, completion ACK, snapshot, Stop. Excluded: connection establishment, authentication, sockets, inbound wire decode, OSD processing, backoff delays. MB/s counts outbound application payload across message sends, not control/wire bytes.
BenchmarkPerformanceSubmissionReplay/crc/bytes=4194304/initial+replay-10         	      26	   4689042 ns/op	1788.98 MB/s	         2.000 message-sends/op	         1.000 requests/op	37781073 B/op	     161 allocs/op
--- BENCH: BenchmarkPerformanceSubmissionReplay/crc/bytes=4194304/initial+replay-10
    performance_baseline_test.go:301: One op is a complete request lifecycle. Timed: codec/session/fixture creation, actual Session.Submit admission copy, pumps, EncodeMessage, real CRC/AEAD wire encode, peer decode/send validation, optional channel-forced fault + reconnect control + replay, small injected reply, completion ACK, snapshot, Stop. Excluded: connection establishment, authentication, sockets, inbound wire decode, OSD processing, backoff delays. MB/s counts outbound application payload across message sends, not control/wire bytes.
BenchmarkPerformanceSubmissionReplay/secure/bytes=4096/initial-10                	    3662	     32923 ns/op	 124.41 MB/s	         1.000 message-sends/op	         1.000 requests/op	   36700 B/op	     117 allocs/op
--- BENCH: BenchmarkPerformanceSubmissionReplay/secure/bytes=4096/initial-10
    performance_baseline_test.go:301: One op is a complete request lifecycle. Timed: codec/session/fixture creation, actual Session.Submit admission copy, pumps, EncodeMessage, real CRC/AEAD wire encode, peer decode/send validation, optional channel-forced fault + reconnect control + replay, small injected reply, completion ACK, snapshot, Stop. Excluded: connection establishment, authentication, sockets, inbound wire decode, OSD processing, backoff delays. MB/s counts outbound application payload across message sends, not control/wire bytes.
BenchmarkPerformanceSubmissionReplay/secure/bytes=4096/initial-10                	    3408	     33942 ns/op	 120.68 MB/s	         1.000 message-sends/op	         1.000 requests/op	   36699 B/op	     117 allocs/op
--- BENCH: BenchmarkPerformanceSubmissionReplay/secure/bytes=4096/initial-10
    performance_baseline_test.go:301: One op is a complete request lifecycle. Timed: codec/session/fixture creation, actual Session.Submit admission copy, pumps, EncodeMessage, real CRC/AEAD wire encode, peer decode/send validation, optional channel-forced fault + reconnect control + replay, small injected reply, completion ACK, snapshot, Stop. Excluded: connection establishment, authentication, sockets, inbound wire decode, OSD processing, backoff delays. MB/s counts outbound application payload across message sends, not control/wire bytes.
BenchmarkPerformanceSubmissionReplay/secure/bytes=4096/initial-10                	    3519	     32986 ns/op	 124.18 MB/s	         1.000 message-sends/op	         1.000 requests/op	   36696 B/op	     117 allocs/op
--- BENCH: BenchmarkPerformanceSubmissionReplay/secure/bytes=4096/initial-10
    performance_baseline_test.go:301: One op is a complete request lifecycle. Timed: codec/session/fixture creation, actual Session.Submit admission copy, pumps, EncodeMessage, real CRC/AEAD wire encode, peer decode/send validation, optional channel-forced fault + reconnect control + replay, small injected reply, completion ACK, snapshot, Stop. Excluded: connection establishment, authentication, sockets, inbound wire decode, OSD processing, backoff delays. MB/s counts outbound application payload across message sends, not control/wire bytes.
BenchmarkPerformanceSubmissionReplay/secure/bytes=4096/initial-10                	    3108	     35255 ns/op	 116.18 MB/s	         1.000 message-sends/op	         1.000 requests/op	   36696 B/op	     117 allocs/op
--- BENCH: BenchmarkPerformanceSubmissionReplay/secure/bytes=4096/initial-10
    performance_baseline_test.go:301: One op is a complete request lifecycle. Timed: codec/session/fixture creation, actual Session.Submit admission copy, pumps, EncodeMessage, real CRC/AEAD wire encode, peer decode/send validation, optional channel-forced fault + reconnect control + replay, small injected reply, completion ACK, snapshot, Stop. Excluded: connection establishment, authentication, sockets, inbound wire decode, OSD processing, backoff delays. MB/s counts outbound application payload across message sends, not control/wire bytes.
BenchmarkPerformanceSubmissionReplay/secure/bytes=4096/initial-10                	    3954	     33250 ns/op	 123.19 MB/s	         1.000 message-sends/op	         1.000 requests/op	   36699 B/op	     117 allocs/op
--- BENCH: BenchmarkPerformanceSubmissionReplay/secure/bytes=4096/initial-10
    performance_baseline_test.go:301: One op is a complete request lifecycle. Timed: codec/session/fixture creation, actual Session.Submit admission copy, pumps, EncodeMessage, real CRC/AEAD wire encode, peer decode/send validation, optional channel-forced fault + reconnect control + replay, small injected reply, completion ACK, snapshot, Stop. Excluded: connection establishment, authentication, sockets, inbound wire decode, OSD processing, backoff delays. MB/s counts outbound application payload across message sends, not control/wire bytes.
BenchmarkPerformanceSubmissionReplay/secure/bytes=4096/initial+replay-10         	    2014	     58688 ns/op	 139.59 MB/s	         2.000 message-sends/op	         1.000 requests/op	   58217 B/op	     185 allocs/op
--- BENCH: BenchmarkPerformanceSubmissionReplay/secure/bytes=4096/initial+replay-10
    performance_baseline_test.go:301: One op is a complete request lifecycle. Timed: codec/session/fixture creation, actual Session.Submit admission copy, pumps, EncodeMessage, real CRC/AEAD wire encode, peer decode/send validation, optional channel-forced fault + reconnect control + replay, small injected reply, completion ACK, snapshot, Stop. Excluded: connection establishment, authentication, sockets, inbound wire decode, OSD processing, backoff delays. MB/s counts outbound application payload across message sends, not control/wire bytes.
BenchmarkPerformanceSubmissionReplay/secure/bytes=4096/initial+replay-10         	    2065	     56916 ns/op	 143.93 MB/s	         2.000 message-sends/op	         1.000 requests/op	   58219 B/op	     185 allocs/op
--- BENCH: BenchmarkPerformanceSubmissionReplay/secure/bytes=4096/initial+replay-10
    performance_baseline_test.go:301: One op is a complete request lifecycle. Timed: codec/session/fixture creation, actual Session.Submit admission copy, pumps, EncodeMessage, real CRC/AEAD wire encode, peer decode/send validation, optional channel-forced fault + reconnect control + replay, small injected reply, completion ACK, snapshot, Stop. Excluded: connection establishment, authentication, sockets, inbound wire decode, OSD processing, backoff delays. MB/s counts outbound application payload across message sends, not control/wire bytes.
BenchmarkPerformanceSubmissionReplay/secure/bytes=4096/initial+replay-10         	    1986	     59044 ns/op	 138.74 MB/s	         2.000 message-sends/op	         1.000 requests/op	   58229 B/op	     185 allocs/op
--- BENCH: BenchmarkPerformanceSubmissionReplay/secure/bytes=4096/initial+replay-10
    performance_baseline_test.go:301: One op is a complete request lifecycle. Timed: codec/session/fixture creation, actual Session.Submit admission copy, pumps, EncodeMessage, real CRC/AEAD wire encode, peer decode/send validation, optional channel-forced fault + reconnect control + replay, small injected reply, completion ACK, snapshot, Stop. Excluded: connection establishment, authentication, sockets, inbound wire decode, OSD processing, backoff delays. MB/s counts outbound application payload across message sends, not control/wire bytes.
BenchmarkPerformanceSubmissionReplay/secure/bytes=4096/initial+replay-10         	    2292	     56593 ns/op	 144.75 MB/s	         2.000 message-sends/op	         1.000 requests/op	   58214 B/op	     185 allocs/op
--- BENCH: BenchmarkPerformanceSubmissionReplay/secure/bytes=4096/initial+replay-10
    performance_baseline_test.go:301: One op is a complete request lifecycle. Timed: codec/session/fixture creation, actual Session.Submit admission copy, pumps, EncodeMessage, real CRC/AEAD wire encode, peer decode/send validation, optional channel-forced fault + reconnect control + replay, small injected reply, completion ACK, snapshot, Stop. Excluded: connection establishment, authentication, sockets, inbound wire decode, OSD processing, backoff delays. MB/s counts outbound application payload across message sends, not control/wire bytes.
BenchmarkPerformanceSubmissionReplay/secure/bytes=4096/initial+replay-10         	    1942	     57931 ns/op	 141.41 MB/s	         2.000 message-sends/op	         1.000 requests/op	   58230 B/op	     185 allocs/op
--- BENCH: BenchmarkPerformanceSubmissionReplay/secure/bytes=4096/initial+replay-10
    performance_baseline_test.go:301: One op is a complete request lifecycle. Timed: codec/session/fixture creation, actual Session.Submit admission copy, pumps, EncodeMessage, real CRC/AEAD wire encode, peer decode/send validation, optional channel-forced fault + reconnect control + replay, small injected reply, completion ACK, snapshot, Stop. Excluded: connection establishment, authentication, sockets, inbound wire decode, OSD processing, backoff delays. MB/s counts outbound application payload across message sends, not control/wire bytes.
BenchmarkPerformanceSubmissionReplay/secure/bytes=65536/initial-10               	    1310	     99714 ns/op	 657.24 MB/s	         1.000 message-sends/op	         1.000 requests/op	  297329 B/op	     117 allocs/op
--- BENCH: BenchmarkPerformanceSubmissionReplay/secure/bytes=65536/initial-10
    performance_baseline_test.go:301: One op is a complete request lifecycle. Timed: codec/session/fixture creation, actual Session.Submit admission copy, pumps, EncodeMessage, real CRC/AEAD wire encode, peer decode/send validation, optional channel-forced fault + reconnect control + replay, small injected reply, completion ACK, snapshot, Stop. Excluded: connection establishment, authentication, sockets, inbound wire decode, OSD processing, backoff delays. MB/s counts outbound application payload across message sends, not control/wire bytes.
BenchmarkPerformanceSubmissionReplay/secure/bytes=65536/initial-10               	    1153	    101742 ns/op	 644.14 MB/s	         1.000 message-sends/op	         1.000 requests/op	  297353 B/op	     117 allocs/op
--- BENCH: BenchmarkPerformanceSubmissionReplay/secure/bytes=65536/initial-10
    performance_baseline_test.go:301: One op is a complete request lifecycle. Timed: codec/session/fixture creation, actual Session.Submit admission copy, pumps, EncodeMessage, real CRC/AEAD wire encode, peer decode/send validation, optional channel-forced fault + reconnect control + replay, small injected reply, completion ACK, snapshot, Stop. Excluded: connection establishment, authentication, sockets, inbound wire decode, OSD processing, backoff delays. MB/s counts outbound application payload across message sends, not control/wire bytes.
BenchmarkPerformanceSubmissionReplay/secure/bytes=65536/initial-10               	    1072	    107838 ns/op	 607.73 MB/s	         1.000 message-sends/op	         1.000 requests/op	  297350 B/op	     117 allocs/op
--- BENCH: BenchmarkPerformanceSubmissionReplay/secure/bytes=65536/initial-10
    performance_baseline_test.go:301: One op is a complete request lifecycle. Timed: codec/session/fixture creation, actual Session.Submit admission copy, pumps, EncodeMessage, real CRC/AEAD wire encode, peer decode/send validation, optional channel-forced fault + reconnect control + replay, small injected reply, completion ACK, snapshot, Stop. Excluded: connection establishment, authentication, sockets, inbound wire decode, OSD processing, backoff delays. MB/s counts outbound application payload across message sends, not control/wire bytes.
BenchmarkPerformanceSubmissionReplay/secure/bytes=65536/initial-10               	    1238	    101216 ns/op	 647.49 MB/s	         1.000 message-sends/op	         1.000 requests/op	  297360 B/op	     117 allocs/op
--- BENCH: BenchmarkPerformanceSubmissionReplay/secure/bytes=65536/initial-10
    performance_baseline_test.go:301: One op is a complete request lifecycle. Timed: codec/session/fixture creation, actual Session.Submit admission copy, pumps, EncodeMessage, real CRC/AEAD wire encode, peer decode/send validation, optional channel-forced fault + reconnect control + replay, small injected reply, completion ACK, snapshot, Stop. Excluded: connection establishment, authentication, sockets, inbound wire decode, OSD processing, backoff delays. MB/s counts outbound application payload across message sends, not control/wire bytes.
BenchmarkPerformanceSubmissionReplay/secure/bytes=65536/initial-10               	    1144	    108692 ns/op	 602.95 MB/s	         1.000 message-sends/op	         1.000 requests/op	  297337 B/op	     117 allocs/op
--- BENCH: BenchmarkPerformanceSubmissionReplay/secure/bytes=65536/initial-10
    performance_baseline_test.go:301: One op is a complete request lifecycle. Timed: codec/session/fixture creation, actual Session.Submit admission copy, pumps, EncodeMessage, real CRC/AEAD wire encode, peer decode/send validation, optional channel-forced fault + reconnect control + replay, small injected reply, completion ACK, snapshot, Stop. Excluded: connection establishment, authentication, sockets, inbound wire decode, OSD processing, backoff delays. MB/s counts outbound application payload across message sends, not control/wire bytes.
BenchmarkPerformanceSubmissionReplay/secure/bytes=65536/initial+replay-10        	     654	    191519 ns/op	 684.38 MB/s	         2.000 message-sends/op	         1.000 requests/op	  518066 B/op	     185 allocs/op
--- BENCH: BenchmarkPerformanceSubmissionReplay/secure/bytes=65536/initial+replay-10
    performance_baseline_test.go:301: One op is a complete request lifecycle. Timed: codec/session/fixture creation, actual Session.Submit admission copy, pumps, EncodeMessage, real CRC/AEAD wire encode, peer decode/send validation, optional channel-forced fault + reconnect control + replay, small injected reply, completion ACK, snapshot, Stop. Excluded: connection establishment, authentication, sockets, inbound wire decode, OSD processing, backoff delays. MB/s counts outbound application payload across message sends, not control/wire bytes.
BenchmarkPerformanceSubmissionReplay/secure/bytes=65536/initial+replay-10        	     607	    190135 ns/op	 689.36 MB/s	         2.000 message-sends/op	         1.000 requests/op	  518079 B/op	     185 allocs/op
--- BENCH: BenchmarkPerformanceSubmissionReplay/secure/bytes=65536/initial+replay-10
    performance_baseline_test.go:301: One op is a complete request lifecycle. Timed: codec/session/fixture creation, actual Session.Submit admission copy, pumps, EncodeMessage, real CRC/AEAD wire encode, peer decode/send validation, optional channel-forced fault + reconnect control + replay, small injected reply, completion ACK, snapshot, Stop. Excluded: connection establishment, authentication, sockets, inbound wire decode, OSD processing, backoff delays. MB/s counts outbound application payload across message sends, not control/wire bytes.
BenchmarkPerformanceSubmissionReplay/secure/bytes=65536/initial+replay-10        	     639	    194298 ns/op	 674.59 MB/s	         2.000 message-sends/op	         1.000 requests/op	  518072 B/op	     185 allocs/op
--- BENCH: BenchmarkPerformanceSubmissionReplay/secure/bytes=65536/initial+replay-10
    performance_baseline_test.go:301: One op is a complete request lifecycle. Timed: codec/session/fixture creation, actual Session.Submit admission copy, pumps, EncodeMessage, real CRC/AEAD wire encode, peer decode/send validation, optional channel-forced fault + reconnect control + replay, small injected reply, completion ACK, snapshot, Stop. Excluded: connection establishment, authentication, sockets, inbound wire decode, OSD processing, backoff delays. MB/s counts outbound application payload across message sends, not control/wire bytes.
BenchmarkPerformanceSubmissionReplay/secure/bytes=65536/initial+replay-10        	     652	    188291 ns/op	 696.12 MB/s	         2.000 message-sends/op	         1.000 requests/op	  518072 B/op	     185 allocs/op
--- BENCH: BenchmarkPerformanceSubmissionReplay/secure/bytes=65536/initial+replay-10
    performance_baseline_test.go:301: One op is a complete request lifecycle. Timed: codec/session/fixture creation, actual Session.Submit admission copy, pumps, EncodeMessage, real CRC/AEAD wire encode, peer decode/send validation, optional channel-forced fault + reconnect control + replay, small injected reply, completion ACK, snapshot, Stop. Excluded: connection establishment, authentication, sockets, inbound wire decode, OSD processing, backoff delays. MB/s counts outbound application payload across message sends, not control/wire bytes.
BenchmarkPerformanceSubmissionReplay/secure/bytes=65536/initial+replay-10        	     639	    195387 ns/op	 670.83 MB/s	         2.000 message-sends/op	         1.000 requests/op	  518082 B/op	     185 allocs/op
--- BENCH: BenchmarkPerformanceSubmissionReplay/secure/bytes=65536/initial+replay-10
    performance_baseline_test.go:301: One op is a complete request lifecycle. Timed: codec/session/fixture creation, actual Session.Submit admission copy, pumps, EncodeMessage, real CRC/AEAD wire encode, peer decode/send validation, optional channel-forced fault + reconnect control + replay, small injected reply, completion ACK, snapshot, Stop. Excluded: connection establishment, authentication, sockets, inbound wire decode, OSD processing, backoff delays. MB/s counts outbound application payload across message sends, not control/wire bytes.
BenchmarkPerformanceSubmissionReplay/secure/bytes=4194304/initial-10             	      51	   2331429 ns/op	1799.03 MB/s	         1.000 message-sends/op	         1.000 requests/op	16812457 B/op	     117 allocs/op
--- BENCH: BenchmarkPerformanceSubmissionReplay/secure/bytes=4194304/initial-10
    performance_baseline_test.go:301: One op is a complete request lifecycle. Timed: codec/session/fixture creation, actual Session.Submit admission copy, pumps, EncodeMessage, real CRC/AEAD wire encode, peer decode/send validation, optional channel-forced fault + reconnect control + replay, small injected reply, completion ACK, snapshot, Stop. Excluded: connection establishment, authentication, sockets, inbound wire decode, OSD processing, backoff delays. MB/s counts outbound application payload across message sends, not control/wire bytes.
BenchmarkPerformanceSubmissionReplay/secure/bytes=4194304/initial-10             	      50	   2395909 ns/op	1750.61 MB/s	         1.000 message-sends/op	         1.000 requests/op	16812495 B/op	     118 allocs/op
--- BENCH: BenchmarkPerformanceSubmissionReplay/secure/bytes=4194304/initial-10
    performance_baseline_test.go:301: One op is a complete request lifecycle. Timed: codec/session/fixture creation, actual Session.Submit admission copy, pumps, EncodeMessage, real CRC/AEAD wire encode, peer decode/send validation, optional channel-forced fault + reconnect control + replay, small injected reply, completion ACK, snapshot, Stop. Excluded: connection establishment, authentication, sockets, inbound wire decode, OSD processing, backoff delays. MB/s counts outbound application payload across message sends, not control/wire bytes.
BenchmarkPerformanceSubmissionReplay/secure/bytes=4194304/initial-10             	      49	   2372619 ns/op	1767.79 MB/s	         1.000 message-sends/op	         1.000 requests/op	16812457 B/op	     117 allocs/op
--- BENCH: BenchmarkPerformanceSubmissionReplay/secure/bytes=4194304/initial-10
    performance_baseline_test.go:301: One op is a complete request lifecycle. Timed: codec/session/fixture creation, actual Session.Submit admission copy, pumps, EncodeMessage, real CRC/AEAD wire encode, peer decode/send validation, optional channel-forced fault + reconnect control + replay, small injected reply, completion ACK, snapshot, Stop. Excluded: connection establishment, authentication, sockets, inbound wire decode, OSD processing, backoff delays. MB/s counts outbound application payload across message sends, not control/wire bytes.
BenchmarkPerformanceSubmissionReplay/secure/bytes=4194304/initial-10             	      51	   2406437 ns/op	1742.95 MB/s	         1.000 message-sends/op	         1.000 requests/op	16812457 B/op	     117 allocs/op
--- BENCH: BenchmarkPerformanceSubmissionReplay/secure/bytes=4194304/initial-10
    performance_baseline_test.go:301: One op is a complete request lifecycle. Timed: codec/session/fixture creation, actual Session.Submit admission copy, pumps, EncodeMessage, real CRC/AEAD wire encode, peer decode/send validation, optional channel-forced fault + reconnect control + replay, small injected reply, completion ACK, snapshot, Stop. Excluded: connection establishment, authentication, sockets, inbound wire decode, OSD processing, backoff delays. MB/s counts outbound application payload across message sends, not control/wire bytes.
BenchmarkPerformanceSubmissionReplay/secure/bytes=4194304/initial-10             	      46	   2456660 ns/op	1707.32 MB/s	         1.000 message-sends/op	         1.000 requests/op	16812379 B/op	     117 allocs/op
--- BENCH: BenchmarkPerformanceSubmissionReplay/secure/bytes=4194304/initial-10
    performance_baseline_test.go:301: One op is a complete request lifecycle. Timed: codec/session/fixture creation, actual Session.Submit admission copy, pumps, EncodeMessage, real CRC/AEAD wire encode, peer decode/send validation, optional channel-forced fault + reconnect control + replay, small injected reply, completion ACK, snapshot, Stop. Excluded: connection establishment, authentication, sockets, inbound wire decode, OSD processing, backoff delays. MB/s counts outbound application payload across message sends, not control/wire bytes.
BenchmarkPerformanceSubmissionReplay/secure/bytes=4194304/initial+replay-10      	      25	   4578263 ns/op	1832.27 MB/s	         2.000 message-sends/op	         1.000 requests/op	29419431 B/op	     185 allocs/op
--- BENCH: BenchmarkPerformanceSubmissionReplay/secure/bytes=4194304/initial+replay-10
    performance_baseline_test.go:301: One op is a complete request lifecycle. Timed: codec/session/fixture creation, actual Session.Submit admission copy, pumps, EncodeMessage, real CRC/AEAD wire encode, peer decode/send validation, optional channel-forced fault + reconnect control + replay, small injected reply, completion ACK, snapshot, Stop. Excluded: connection establishment, authentication, sockets, inbound wire decode, OSD processing, backoff delays. MB/s counts outbound application payload across message sends, not control/wire bytes.
BenchmarkPerformanceSubmissionReplay/secure/bytes=4194304/initial+replay-10      	      27	   4323722 ns/op	1940.14 MB/s	         2.000 message-sends/op	         1.000 requests/op	29419433 B/op	     185 allocs/op
--- BENCH: BenchmarkPerformanceSubmissionReplay/secure/bytes=4194304/initial+replay-10
    performance_baseline_test.go:301: One op is a complete request lifecycle. Timed: codec/session/fixture creation, actual Session.Submit admission copy, pumps, EncodeMessage, real CRC/AEAD wire encode, peer decode/send validation, optional channel-forced fault + reconnect control + replay, small injected reply, completion ACK, snapshot, Stop. Excluded: connection establishment, authentication, sockets, inbound wire decode, OSD processing, backoff delays. MB/s counts outbound application payload across message sends, not control/wire bytes.
BenchmarkPerformanceSubmissionReplay/secure/bytes=4194304/initial+replay-10      	      24	   4658641 ns/op	1800.66 MB/s	         2.000 message-sends/op	         1.000 requests/op	29419550 B/op	     186 allocs/op
--- BENCH: BenchmarkPerformanceSubmissionReplay/secure/bytes=4194304/initial+replay-10
    performance_baseline_test.go:301: One op is a complete request lifecycle. Timed: codec/session/fixture creation, actual Session.Submit admission copy, pumps, EncodeMessage, real CRC/AEAD wire encode, peer decode/send validation, optional channel-forced fault + reconnect control + replay, small injected reply, completion ACK, snapshot, Stop. Excluded: connection establishment, authentication, sockets, inbound wire decode, OSD processing, backoff delays. MB/s counts outbound application payload across message sends, not control/wire bytes.
BenchmarkPerformanceSubmissionReplay/secure/bytes=4194304/initial+replay-10      	      25	   4573782 ns/op	1834.06 MB/s	         2.000 message-sends/op	         1.000 requests/op	29419376 B/op	     185 allocs/op
--- BENCH: BenchmarkPerformanceSubmissionReplay/secure/bytes=4194304/initial+replay-10
    performance_baseline_test.go:301: One op is a complete request lifecycle. Timed: codec/session/fixture creation, actual Session.Submit admission copy, pumps, EncodeMessage, real CRC/AEAD wire encode, peer decode/send validation, optional channel-forced fault + reconnect control + replay, small injected reply, completion ACK, snapshot, Stop. Excluded: connection establishment, authentication, sockets, inbound wire decode, OSD processing, backoff delays. MB/s counts outbound application payload across message sends, not control/wire bytes.
BenchmarkPerformanceSubmissionReplay/secure/bytes=4194304/initial+replay-10      	      22	   4998718 ns/op	1678.15 MB/s	         2.000 message-sends/op	         1.000 requests/op	29419529 B/op	     186 allocs/op
--- BENCH: BenchmarkPerformanceSubmissionReplay/secure/bytes=4194304/initial+replay-10
    performance_baseline_test.go:301: One op is a complete request lifecycle. Timed: codec/session/fixture creation, actual Session.Submit admission copy, pumps, EncodeMessage, real CRC/AEAD wire encode, peer decode/send validation, optional channel-forced fault + reconnect control + replay, small injected reply, completion ACK, snapshot, Stop. Excluded: connection establishment, authentication, sockets, inbound wire decode, OSD processing, backoff delays. MB/s counts outbound application payload across message sends, not control/wire bytes.
BenchmarkPerformanceIdleConnections/crc/connections=1-10                         	    1359	     83055 ns/op	         1.000 connections/op	    524288 reader-B/batch	    540376 retained-heap-B/batch	  543534 B/op	      51 allocs/op
--- BENCH: BenchmarkPerformanceIdleConnections/crc/connections=1-10
    performance_baseline_test.go:398: One op constructs, readies, snapshots, and stops a full idle connection batch: built-in 512KiB reader, codec and Session config(queue/in-flight=64,event-buffer=64), pumps plus channel-backed net.Conn. No sockets/connect/auth. B/op measures lifecycle allocations including fixture/synchronization. retained-heap-B/batch is a separate post-GC live HeapAlloc delta with fixtures kept alive; includes fixture/runtime heap noise, no harness subtraction; excludes stack-in-use and OS/RSS.
BenchmarkPerformanceIdleConnections/crc/connections=1-10                         	    1437	     86430 ns/op	         1.000 connections/op	    524288 reader-B/batch	    540376 retained-heap-B/batch	  543543 B/op	      51 allocs/op
--- BENCH: BenchmarkPerformanceIdleConnections/crc/connections=1-10
    performance_baseline_test.go:398: One op constructs, readies, snapshots, and stops a full idle connection batch: built-in 512KiB reader, codec and Session config(queue/in-flight=64,event-buffer=64), pumps plus channel-backed net.Conn. No sockets/connect/auth. B/op measures lifecycle allocations including fixture/synchronization. retained-heap-B/batch is a separate post-GC live HeapAlloc delta with fixtures kept alive; includes fixture/runtime heap noise, no harness subtraction; excludes stack-in-use and OS/RSS.
BenchmarkPerformanceIdleConnections/crc/connections=1-10                         	    1502	     85396 ns/op	         1.000 connections/op	    524288 reader-B/batch	    540600 retained-heap-B/batch	  543533 B/op	      51 allocs/op
--- BENCH: BenchmarkPerformanceIdleConnections/crc/connections=1-10
    performance_baseline_test.go:398: One op constructs, readies, snapshots, and stops a full idle connection batch: built-in 512KiB reader, codec and Session config(queue/in-flight=64,event-buffer=64), pumps plus channel-backed net.Conn. No sockets/connect/auth. B/op measures lifecycle allocations including fixture/synchronization. retained-heap-B/batch is a separate post-GC live HeapAlloc delta with fixtures kept alive; includes fixture/runtime heap noise, no harness subtraction; excludes stack-in-use and OS/RSS.
BenchmarkPerformanceIdleConnections/crc/connections=1-10                         	    1318	     84577 ns/op	         1.000 connections/op	    524288 reader-B/batch	    540376 retained-heap-B/batch	  543546 B/op	      51 allocs/op
--- BENCH: BenchmarkPerformanceIdleConnections/crc/connections=1-10
    performance_baseline_test.go:398: One op constructs, readies, snapshots, and stops a full idle connection batch: built-in 512KiB reader, codec and Session config(queue/in-flight=64,event-buffer=64), pumps plus channel-backed net.Conn. No sockets/connect/auth. B/op measures lifecycle allocations including fixture/synchronization. retained-heap-B/batch is a separate post-GC live HeapAlloc delta with fixtures kept alive; includes fixture/runtime heap noise, no harness subtraction; excludes stack-in-use and OS/RSS.
BenchmarkPerformanceIdleConnections/crc/connections=1-10                         	    1470	     85641 ns/op	         1.000 connections/op	    524288 reader-B/batch	    540232 retained-heap-B/batch	  543544 B/op	      51 allocs/op
--- BENCH: BenchmarkPerformanceIdleConnections/crc/connections=1-10
    performance_baseline_test.go:398: One op constructs, readies, snapshots, and stops a full idle connection batch: built-in 512KiB reader, codec and Session config(queue/in-flight=64,event-buffer=64), pumps plus channel-backed net.Conn. No sockets/connect/auth. B/op measures lifecycle allocations including fixture/synchronization. retained-heap-B/batch is a separate post-GC live HeapAlloc delta with fixtures kept alive; includes fixture/runtime heap noise, no harness subtraction; excludes stack-in-use and OS/RSS.
BenchmarkPerformanceIdleConnections/crc/connections=16-10                        	     138	    855333 ns/op	        16.00 connections/op	   8388608 reader-B/batch	   8681112 retained-heap-B/batch	 8688806 B/op	     717 allocs/op
--- BENCH: BenchmarkPerformanceIdleConnections/crc/connections=16-10
    performance_baseline_test.go:398: One op constructs, readies, snapshots, and stops a full idle connection batch: built-in 512KiB reader, codec and Session config(queue/in-flight=64,event-buffer=64), pumps plus channel-backed net.Conn. No sockets/connect/auth. B/op measures lifecycle allocations including fixture/synchronization. retained-heap-B/batch is a separate post-GC live HeapAlloc delta with fixtures kept alive; includes fixture/runtime heap noise, no harness subtraction; excludes stack-in-use and OS/RSS.
BenchmarkPerformanceIdleConnections/crc/connections=16-10                        	     178	    727071 ns/op	        16.00 connections/op	   8388608 reader-B/batch	   8683896 retained-heap-B/batch	 8688170 B/op	     711 allocs/op
--- BENCH: BenchmarkPerformanceIdleConnections/crc/connections=16-10
    performance_baseline_test.go:398: One op constructs, readies, snapshots, and stops a full idle connection batch: built-in 512KiB reader, codec and Session config(queue/in-flight=64,event-buffer=64), pumps plus channel-backed net.Conn. No sockets/connect/auth. B/op measures lifecycle allocations including fixture/synchronization. retained-heap-B/batch is a separate post-GC live HeapAlloc delta with fixtures kept alive; includes fixture/runtime heap noise, no harness subtraction; excludes stack-in-use and OS/RSS.
BenchmarkPerformanceIdleConnections/crc/connections=16-10                        	     153	    781003 ns/op	        16.00 connections/op	   8388608 reader-B/batch	   8676072 retained-heap-B/batch	 8688744 B/op	     715 allocs/op
--- BENCH: BenchmarkPerformanceIdleConnections/crc/connections=16-10
    performance_baseline_test.go:398: One op constructs, readies, snapshots, and stops a full idle connection batch: built-in 512KiB reader, codec and Session config(queue/in-flight=64,event-buffer=64), pumps plus channel-backed net.Conn. No sockets/connect/auth. B/op measures lifecycle allocations including fixture/synchronization. retained-heap-B/batch is a separate post-GC live HeapAlloc delta with fixtures kept alive; includes fixture/runtime heap noise, no harness subtraction; excludes stack-in-use and OS/RSS.
BenchmarkPerformanceIdleConnections/crc/connections=16-10                        	     159	    761026 ns/op	        16.00 connections/op	   8388608 reader-B/batch	   8677704 retained-heap-B/batch	 8688346 B/op	     713 allocs/op
--- BENCH: BenchmarkPerformanceIdleConnections/crc/connections=16-10
    performance_baseline_test.go:398: One op constructs, readies, snapshots, and stops a full idle connection batch: built-in 512KiB reader, codec and Session config(queue/in-flight=64,event-buffer=64), pumps plus channel-backed net.Conn. No sockets/connect/auth. B/op measures lifecycle allocations including fixture/synchronization. retained-heap-B/batch is a separate post-GC live HeapAlloc delta with fixtures kept alive; includes fixture/runtime heap noise, no harness subtraction; excludes stack-in-use and OS/RSS.
BenchmarkPerformanceIdleConnections/crc/connections=16-10                        	     141	    858347 ns/op	        16.00 connections/op	   8388608 reader-B/batch	   8680152 retained-heap-B/batch	 8689214 B/op	     720 allocs/op
--- BENCH: BenchmarkPerformanceIdleConnections/crc/connections=16-10
    performance_baseline_test.go:398: One op constructs, readies, snapshots, and stops a full idle connection batch: built-in 512KiB reader, codec and Session config(queue/in-flight=64,event-buffer=64), pumps plus channel-backed net.Conn. No sockets/connect/auth. B/op measures lifecycle allocations including fixture/synchronization. retained-heap-B/batch is a separate post-GC live HeapAlloc delta with fixtures kept alive; includes fixture/runtime heap noise, no harness subtraction; excludes stack-in-use and OS/RSS.
BenchmarkPerformanceIdleConnections/crc/connections=128-10                       	      40	   4353909 ns/op	       128.0 connections/op	  67108864 reader-B/batch	  69642744 retained-heap-B/batch	69533467 B/op	    5957 allocs/op
--- BENCH: BenchmarkPerformanceIdleConnections/crc/connections=128-10
    performance_baseline_test.go:398: One op constructs, readies, snapshots, and stops a full idle connection batch: built-in 512KiB reader, codec and Session config(queue/in-flight=64,event-buffer=64), pumps plus channel-backed net.Conn. No sockets/connect/auth. B/op measures lifecycle allocations including fixture/synchronization. retained-heap-B/batch is a separate post-GC live HeapAlloc delta with fixtures kept alive; includes fixture/runtime heap noise, no harness subtraction; excludes stack-in-use and OS/RSS.
BenchmarkPerformanceIdleConnections/crc/connections=128-10                       	      25	   4496918 ns/op	       128.0 connections/op	  67108864 reader-B/batch	  69510936 retained-heap-B/batch	69540360 B/op	    6025 allocs/op
--- BENCH: BenchmarkPerformanceIdleConnections/crc/connections=128-10
    performance_baseline_test.go:398: One op constructs, readies, snapshots, and stops a full idle connection batch: built-in 512KiB reader, codec and Session config(queue/in-flight=64,event-buffer=64), pumps plus channel-backed net.Conn. No sockets/connect/auth. B/op measures lifecycle allocations including fixture/synchronization. retained-heap-B/batch is a separate post-GC live HeapAlloc delta with fixtures kept alive; includes fixture/runtime heap noise, no harness subtraction; excludes stack-in-use and OS/RSS.
BenchmarkPerformanceIdleConnections/crc/connections=128-10                       	      26	   4480680 ns/op	       128.0 connections/op	  67108864 reader-B/batch	  69501112 retained-heap-B/batch	69536537 B/op	    5990 allocs/op
--- BENCH: BenchmarkPerformanceIdleConnections/crc/connections=128-10
    performance_baseline_test.go:398: One op constructs, readies, snapshots, and stops a full idle connection batch: built-in 512KiB reader, codec and Session config(queue/in-flight=64,event-buffer=64), pumps plus channel-backed net.Conn. No sockets/connect/auth. B/op measures lifecycle allocations including fixture/synchronization. retained-heap-B/batch is a separate post-GC live HeapAlloc delta with fixtures kept alive; includes fixture/runtime heap noise, no harness subtraction; excludes stack-in-use and OS/RSS.
BenchmarkPerformanceIdleConnections/crc/connections=128-10                       	      26	   4519699 ns/op	       128.0 connections/op	  67108864 reader-B/batch	  69513704 retained-heap-B/batch	69545742 B/op	    6071 allocs/op
--- BENCH: BenchmarkPerformanceIdleConnections/crc/connections=128-10
    performance_baseline_test.go:398: One op constructs, readies, snapshots, and stops a full idle connection batch: built-in 512KiB reader, codec and Session config(queue/in-flight=64,event-buffer=64), pumps plus channel-backed net.Conn. No sockets/connect/auth. B/op measures lifecycle allocations including fixture/synchronization. retained-heap-B/batch is a separate post-GC live HeapAlloc delta with fixtures kept alive; includes fixture/runtime heap noise, no harness subtraction; excludes stack-in-use and OS/RSS.
BenchmarkPerformanceIdleConnections/crc/connections=128-10                       	      26	   4567356 ns/op	       128.0 connections/op	  67108864 reader-B/batch	  69512616 retained-heap-B/batch	69526732 B/op	    5901 allocs/op
--- BENCH: BenchmarkPerformanceIdleConnections/crc/connections=128-10
    performance_baseline_test.go:398: One op constructs, readies, snapshots, and stops a full idle connection batch: built-in 512KiB reader, codec and Session config(queue/in-flight=64,event-buffer=64), pumps plus channel-backed net.Conn. No sockets/connect/auth. B/op measures lifecycle allocations including fixture/synchronization. retained-heap-B/batch is a separate post-GC live HeapAlloc delta with fixtures kept alive; includes fixture/runtime heap noise, no harness subtraction; excludes stack-in-use and OS/RSS.
BenchmarkPerformanceIdleConnections/secure/connections=1-10                      	    1106	     96425 ns/op	         1.000 connections/op	    524288 reader-B/batch	    542088 retained-heap-B/batch	  546295 B/op	      58 allocs/op
--- BENCH: BenchmarkPerformanceIdleConnections/secure/connections=1-10
    performance_baseline_test.go:398: One op constructs, readies, snapshots, and stops a full idle connection batch: built-in 512KiB reader, codec and Session config(queue/in-flight=64,event-buffer=64), pumps plus channel-backed net.Conn. No sockets/connect/auth. B/op measures lifecycle allocations including fixture/synchronization. retained-heap-B/batch is a separate post-GC live HeapAlloc delta with fixtures kept alive; includes fixture/runtime heap noise, no harness subtraction; excludes stack-in-use and OS/RSS.
BenchmarkPerformanceIdleConnections/secure/connections=1-10                      	    1125	    105933 ns/op	         1.000 connections/op	    524288 reader-B/batch	    542088 retained-heap-B/batch	  546312 B/op	      58 allocs/op
--- BENCH: BenchmarkPerformanceIdleConnections/secure/connections=1-10
    performance_baseline_test.go:398: One op constructs, readies, snapshots, and stops a full idle connection batch: built-in 512KiB reader, codec and Session config(queue/in-flight=64,event-buffer=64), pumps plus channel-backed net.Conn. No sockets/connect/auth. B/op measures lifecycle allocations including fixture/synchronization. retained-heap-B/batch is a separate post-GC live HeapAlloc delta with fixtures kept alive; includes fixture/runtime heap noise, no harness subtraction; excludes stack-in-use and OS/RSS.
BenchmarkPerformanceIdleConnections/secure/connections=1-10                      	    1221	    100167 ns/op	         1.000 connections/op	    524288 reader-B/batch	    542072 retained-heap-B/batch	  546296 B/op	      58 allocs/op
--- BENCH: BenchmarkPerformanceIdleConnections/secure/connections=1-10
    performance_baseline_test.go:398: One op constructs, readies, snapshots, and stops a full idle connection batch: built-in 512KiB reader, codec and Session config(queue/in-flight=64,event-buffer=64), pumps plus channel-backed net.Conn. No sockets/connect/auth. B/op measures lifecycle allocations including fixture/synchronization. retained-heap-B/batch is a separate post-GC live HeapAlloc delta with fixtures kept alive; includes fixture/runtime heap noise, no harness subtraction; excludes stack-in-use and OS/RSS.
BenchmarkPerformanceIdleConnections/secure/connections=1-10                      	    1222	    100514 ns/op	         1.000 connections/op	    524288 reader-B/batch	    542088 retained-heap-B/batch	  546309 B/op	      58 allocs/op
--- BENCH: BenchmarkPerformanceIdleConnections/secure/connections=1-10
    performance_baseline_test.go:398: One op constructs, readies, snapshots, and stops a full idle connection batch: built-in 512KiB reader, codec and Session config(queue/in-flight=64,event-buffer=64), pumps plus channel-backed net.Conn. No sockets/connect/auth. B/op measures lifecycle allocations including fixture/synchronization. retained-heap-B/batch is a separate post-GC live HeapAlloc delta with fixtures kept alive; includes fixture/runtime heap noise, no harness subtraction; excludes stack-in-use and OS/RSS.
BenchmarkPerformanceIdleConnections/secure/connections=1-10                      	    1236	    101351 ns/op	         1.000 connections/op	    524288 reader-B/batch	    542088 retained-heap-B/batch	  546304 B/op	      58 allocs/op
--- BENCH: BenchmarkPerformanceIdleConnections/secure/connections=1-10
    performance_baseline_test.go:398: One op constructs, readies, snapshots, and stops a full idle connection batch: built-in 512KiB reader, codec and Session config(queue/in-flight=64,event-buffer=64), pumps plus channel-backed net.Conn. No sockets/connect/auth. B/op measures lifecycle allocations including fixture/synchronization. retained-heap-B/batch is a separate post-GC live HeapAlloc delta with fixtures kept alive; includes fixture/runtime heap noise, no harness subtraction; excludes stack-in-use and OS/RSS.
BenchmarkPerformanceIdleConnections/secure/connections=16-10                     	     138	    835270 ns/op	        16.00 connections/op	   8388608 reader-B/batch	   8711928 retained-heap-B/batch	 8732412 B/op	     827 allocs/op
--- BENCH: BenchmarkPerformanceIdleConnections/secure/connections=16-10
    performance_baseline_test.go:398: One op constructs, readies, snapshots, and stops a full idle connection batch: built-in 512KiB reader, codec and Session config(queue/in-flight=64,event-buffer=64), pumps plus channel-backed net.Conn. No sockets/connect/auth. B/op measures lifecycle allocations including fixture/synchronization. retained-heap-B/batch is a separate post-GC live HeapAlloc delta with fixtures kept alive; includes fixture/runtime heap noise, no harness subtraction; excludes stack-in-use and OS/RSS.
BenchmarkPerformanceIdleConnections/secure/connections=16-10                     	     136	    906817 ns/op	        16.00 connections/op	   8388608 reader-B/batch	   8699192 retained-heap-B/batch	 8733066 B/op	     833 allocs/op
--- BENCH: BenchmarkPerformanceIdleConnections/secure/connections=16-10
    performance_baseline_test.go:398: One op constructs, readies, snapshots, and stops a full idle connection batch: built-in 512KiB reader, codec and Session config(queue/in-flight=64,event-buffer=64), pumps plus channel-backed net.Conn. No sockets/connect/auth. B/op measures lifecycle allocations including fixture/synchronization. retained-heap-B/batch is a separate post-GC live HeapAlloc delta with fixtures kept alive; includes fixture/runtime heap noise, no harness subtraction; excludes stack-in-use and OS/RSS.
BenchmarkPerformanceIdleConnections/secure/connections=16-10                     	     154	    801152 ns/op	        16.00 connections/op	   8388608 reader-B/batch	   8701288 retained-heap-B/batch	 8732317 B/op	     827 allocs/op
--- BENCH: BenchmarkPerformanceIdleConnections/secure/connections=16-10
    performance_baseline_test.go:398: One op constructs, readies, snapshots, and stops a full idle connection batch: built-in 512KiB reader, codec and Session config(queue/in-flight=64,event-buffer=64), pumps plus channel-backed net.Conn. No sockets/connect/auth. B/op measures lifecycle allocations including fixture/synchronization. retained-heap-B/batch is a separate post-GC live HeapAlloc delta with fixtures kept alive; includes fixture/runtime heap noise, no harness subtraction; excludes stack-in-use and OS/RSS.
BenchmarkPerformanceIdleConnections/secure/connections=16-10                     	     134	    895249 ns/op	        16.00 connections/op	   8388608 reader-B/batch	   8706024 retained-heap-B/batch	 8733203 B/op	     834 allocs/op
--- BENCH: BenchmarkPerformanceIdleConnections/secure/connections=16-10
    performance_baseline_test.go:398: One op constructs, readies, snapshots, and stops a full idle connection batch: built-in 512KiB reader, codec and Session config(queue/in-flight=64,event-buffer=64), pumps plus channel-backed net.Conn. No sockets/connect/auth. B/op measures lifecycle allocations including fixture/synchronization. retained-heap-B/batch is a separate post-GC live HeapAlloc delta with fixtures kept alive; includes fixture/runtime heap noise, no harness subtraction; excludes stack-in-use and OS/RSS.
BenchmarkPerformanceIdleConnections/secure/connections=16-10                     	     145	    860972 ns/op	        16.00 connections/op	   8388608 reader-B/batch	   8707560 retained-heap-B/batch	 8732633 B/op	     829 allocs/op
--- BENCH: BenchmarkPerformanceIdleConnections/secure/connections=16-10
    performance_baseline_test.go:398: One op constructs, readies, snapshots, and stops a full idle connection batch: built-in 512KiB reader, codec and Session config(queue/in-flight=64,event-buffer=64), pumps plus channel-backed net.Conn. No sockets/connect/auth. B/op measures lifecycle allocations including fixture/synchronization. retained-heap-B/batch is a separate post-GC live HeapAlloc delta with fixtures kept alive; includes fixture/runtime heap noise, no harness subtraction; excludes stack-in-use and OS/RSS.
BenchmarkPerformanceIdleConnections/secure/connections=128-10                    	      28	   4423775 ns/op	       128.0 connections/op	  67108864 reader-B/batch	  69729176 retained-heap-B/batch	69890428 B/op	    6919 allocs/op
--- BENCH: BenchmarkPerformanceIdleConnections/secure/connections=128-10
    performance_baseline_test.go:398: One op constructs, readies, snapshots, and stops a full idle connection batch: built-in 512KiB reader, codec and Session config(queue/in-flight=64,event-buffer=64), pumps plus channel-backed net.Conn. No sockets/connect/auth. B/op measures lifecycle allocations including fixture/synchronization. retained-heap-B/batch is a separate post-GC live HeapAlloc delta with fixtures kept alive; includes fixture/runtime heap noise, no harness subtraction; excludes stack-in-use and OS/RSS.
BenchmarkPerformanceIdleConnections/secure/connections=128-10                    	      25	   4366923 ns/op	       128.0 connections/op	  67108864 reader-B/batch	  69737112 retained-heap-B/batch	69872379 B/op	    6757 allocs/op
--- BENCH: BenchmarkPerformanceIdleConnections/secure/connections=128-10
    performance_baseline_test.go:398: One op constructs, readies, snapshots, and stops a full idle connection batch: built-in 512KiB reader, codec and Session config(queue/in-flight=64,event-buffer=64), pumps plus channel-backed net.Conn. No sockets/connect/auth. B/op measures lifecycle allocations including fixture/synchronization. retained-heap-B/batch is a separate post-GC live HeapAlloc delta with fixtures kept alive; includes fixture/runtime heap noise, no harness subtraction; excludes stack-in-use and OS/RSS.
BenchmarkPerformanceIdleConnections/secure/connections=128-10                    	      27	   4160164 ns/op	       128.0 connections/op	  67108864 reader-B/batch	  69705336 retained-heap-B/batch	69888477 B/op	    6903 allocs/op
--- BENCH: BenchmarkPerformanceIdleConnections/secure/connections=128-10
    performance_baseline_test.go:398: One op constructs, readies, snapshots, and stops a full idle connection batch: built-in 512KiB reader, codec and Session config(queue/in-flight=64,event-buffer=64), pumps plus channel-backed net.Conn. No sockets/connect/auth. B/op measures lifecycle allocations including fixture/synchronization. retained-heap-B/batch is a separate post-GC live HeapAlloc delta with fixtures kept alive; includes fixture/runtime heap noise, no harness subtraction; excludes stack-in-use and OS/RSS.
BenchmarkPerformanceIdleConnections/secure/connections=128-10                    	      27	   4564551 ns/op	       128.0 connections/op	  67108864 reader-B/batch	  69705000 retained-heap-B/batch	69888965 B/op	    6907 allocs/op
--- BENCH: BenchmarkPerformanceIdleConnections/secure/connections=128-10
    performance_baseline_test.go:398: One op constructs, readies, snapshots, and stops a full idle connection batch: built-in 512KiB reader, codec and Session config(queue/in-flight=64,event-buffer=64), pumps plus channel-backed net.Conn. No sockets/connect/auth. B/op measures lifecycle allocations including fixture/synchronization. retained-heap-B/batch is a separate post-GC live HeapAlloc delta with fixtures kept alive; includes fixture/runtime heap noise, no harness subtraction; excludes stack-in-use and OS/RSS.
BenchmarkPerformanceIdleConnections/secure/connections=128-10                    	      31	   3898429 ns/op	       128.0 connections/op	  67108864 reader-B/batch	  69716968 retained-heap-B/batch	69881730 B/op	    6842 allocs/op
--- BENCH: BenchmarkPerformanceIdleConnections/secure/connections=128-10
    performance_baseline_test.go:398: One op constructs, readies, snapshots, and stops a full idle connection batch: built-in 512KiB reader, codec and Session config(queue/in-flight=64,event-buffer=64), pumps plus channel-backed net.Conn. No sockets/connect/auth. B/op measures lifecycle allocations including fixture/synchronization. retained-heap-B/batch is a separate post-GC live HeapAlloc delta with fixtures kept alive; includes fixture/runtime heap noise, no harness subtraction; excludes stack-in-use and OS/RSS.
PASS
ok  	github.com/otuschhoff/rados-go/internal/msgr	16.847s
